OBJECTID,7,7_30,8,9,8_30,9_30,10,10_30,11_30,11,12,12_30,13,13_30,14,14_30,15,15_30,16,16_30
1863,129,116,104,150,127,112,130,117,113,125,109,104,110,107,103,81,68,50,43,36
1864,107,96.2,86.3,124.4,105.4,92.9,107.8,97.1,93.7,103.7,90.4,86.3,91.3,88.8,85.4,67.2,56.4,41.5,35.7,29.9
1865,43.9,39.5,35.4,51.1,43.3,38.1,44.3,39.9,38.5,42.6,37.1,35.4,37.5,36.4,35.1,27.6,23.2,17,14.6,12.3
1866,0,0,0,0,0,0,0,0,0,0,0,0,0,0,0,0,0,0,0,0
1892,0,0,0,0,0,0,0,0,0,0,0,0,0,0,0,0,0,0,0,0
1893,0,0,0,0,0,0,0,0,0,0,0,0,0,0,0,0,0,0,0,0
2384,0,0,0,0,0,0,0,0,0,0,0,0,0,0,0,0,0,0,0,0
2385,0,0,0,0,0,0,0,0,0,0,0,0,0,0,0,0,0,0,0,0
2386,0,0,0,0,0,0,0,0,0,0,0,0,0,0,0,0,0,0,0,0
2398,0,0,0,0,0,0,0,0,0,0,0,0,0,0,0,0,0,0,0,0
2399,0,0,0,0,0,0,0,0,0,0,0,0,0,0,0,0,0,0,0,0
2400,0,0,0,0,0,0,0,0,0,0,0,0,0,0,0,0,0,0,0,0
2401,0,0,0,0,0,0,0,0,0,0,0,0,0,0,0,0,0,0,0,0
2402,0,0,0,0,0,0,0,0,0,0,0,0,0,0,0,0,0,0,0,0
2403,0,0,0,0,0,0,0,0,0,0,0,0,0,0,0,0,0,0,0,0
2404,0,0,0,0,0,0,0,0,0,0,0,0,0,0,0,0,0,0,0,0
2405,0,0,0,0,0,0,0,0,0,0,0,0,0,0,0,0,0,0,0,0
2406,0,0,0,0,0,0,0,0,0,0,0,0,0,0,0,0,0,0,0,0
2407,0,0,0,0,0,0,0,0,0,0,0,0,0,0,0,0,0,0,0,0
2408,14.9,13.4,12,17.3,14.7,12.9,15,13.5,13,14.4,12.6,12,12.7,12.3,11.9,9.3,7.8,5.8,5,4.2
2409,60.4,54.3,48.7,70.3,59.5,52.5,60.9,54.8,52.9,58.5,51,48.7,51.5,50.1,48.2,37.9,31.8,23.4,20.1,16.9
2410,337.1,303.1,271.7,391.9,331.8,292.6,339.7,305.7,295.2,326.6,284.8,271.7,287.4,279.6,269.1,211.6,177.7,130.6,112.4,94.1
2411,453.1,407.4,365.3,526.8,446,393.3,456.6,410.9,396.9,439,382.8,365.3,386.3,375.8,361.7,284.5,238.8,175.6,151,126.4
2412,329.4,296.2,265.6,383,324.3,286,332,298.8,288.5,319.2,278.3,265.6,280.9,273.2,263,206.8,173.6,127.7,109.8,91.9
2413,633.4,569.5,510.6,736.5,623.5,549.9,638.3,574.4,554.8,613.7,535.2,510.6,540.1,525.3,505.7,397.7,333.9,245.5,211.1,176.8
2414,387,348,312,450,381,336,390,351,339,375,327,312,330,321,309,243,204,150,129,108
2455,355.3,319.5,286.5,413.2,349.8,308.5,358.1,322.3,311.3,344.3,300.2,286.5,303,294.7,283.7,223.1,187.3,137.7,118.4,99.2
2456,239.3,215.2,192.9,278.2,235.6,207.7,241.1,217,209.6,231.8,202.2,192.9,204,198.5,191,150.2,126.1,92.7,79.8,66.8
2457,258,232,208,300,254,224,260,234,226,250,218,208,220,214,206,162,136,100,86,72
2461,0,0,0,0,0,0,0,0,0,0,0,0,0,0,0,0,0,0,0,0
2462,0,0,0,0,0,0,0,0,0,0,0,0,0,0,0,0,0,0,0,0
2463,0,0,0,0,0,0,0,0,0,0,0,0,0,0,0,0,0,0,0,0
2464,0,0,0,0,0,0,0,0,0,0,0,0,0,0,0,0,0,0,0,0
2465,0,0,0,0,0,0,0,0,0,0,0,0,0,0,0,0,0,0,0,0
2466,8.6,9.8,6.4,9,10.1,7.8,5.3,9,5.6,7,6.2,4.5,5,5.9,5,5,4,5.3,3.2,3.4
2467,2.2,2.4,1.6,2.2,2.5,2,1.3,2.2,1.4,1.8,1.6,1.1,1.2,1.5,1.2,1.2,1,1.3,0.8,0.8
2468,0,0,0,0,0,0,0,0,0,0,0,0,0,0,0,0,0,0,0,0
2469,0.2,0.2,0.1,0.2,0.2,0.2,0.1,0.2,0.1,0.1,0.1,0.1,0.1,0.1,0.1,0.1,0.1,0.1,0.1,0.1
2470,0,0,0,0,0,0,0,0,0,0,0,0,0,0,0,0,0,0,0,0
2471,0,0,0,0,0,0,0,0,0,0,0,0,0,0,0,0,0,0,0,0
2472,6,6.8,4.4,6.2,7,5.4,3.7,6.2,3.9,4.9,4.3,3.1,3.4,4.1,3.4,3.4,2.8,3.7,2.2,2.3
2473,10.4,11.7,7.7,10.7,12.1,9.4,6.3,10.7,6.7,8.4,7.5,5.4,5.9,7.1,5.9,5.9,4.8,6.3,3.8,4
2474,86,94.6,64.4,90.6,98.3,77.6,56.9,87.8,58.2,71.8,63.5,47.8,52.4,60.5,51.8,50,40.5,50.1,31.4,32.2
2475,263.9,277.5,201.4,284.9,291.6,236,196.8,262.1,191.4,228.8,201.6,162.6,176.4,193.7,171.6,156.3,127.9,141.3,94.4,92.8
2476,362.2,364.9,280.8,399.7,387.6,321.1,297.4,350.6,278.4,324.7,285.1,243,261.4,275.8,250.9,218.2,180,178.5,127,119.8
2477,131.8,136.6,101.2,143.4,144,117.5,101.8,129.7,97.6,115.7,101.8,83.8,90.6,98.1,87.7,78.6,64.5,68.6,46.8,45.4
2478,306.6,305.5,238.7,340.2,325.4,271.2,257.6,294.9,239.1,277.1,243.2,209.9,225.3,235.6,215.7,185.5,153.3,147.8,107,99.8
2479,353.2,325.7,282.5,406.3,354.1,308.1,342.1,324.9,301.5,336.9,294.2,274.7,291.5,288,274.2,219.9,184,144.7,119,102.4
2480,535.9,492.5,429,617.4,536,467.1,521.8,492,459,512.2,447.2,418.8,444.2,437.9,417.6,334,279.5,218,180.3,154.6
2481,483,449.6,385.1,553.4,487.6,422,460.6,446.7,408.1,457.9,400,370.4,393.5,391.1,370.9,299.7,250.4,202,163.5,142.1
2482,376.5,358.4,297.9,427,386.4,330.3,345.3,352.7,310.2,351.6,307.6,278.8,297.1,299.9,281.3,231.8,193,165.2,128.7,114.5
2483,344,329.6,271.6,388.9,354.7,302.1,311.8,323.4,281.3,319.8,279.9,252,268.8,272.6,254.9,211.3,175.7,153,117.9,105.7
2484,340.8,325.7,269.3,385.8,350.7,299.2,310.4,319.9,279.5,317.4,277.7,250.8,267.4,270.7,253.4,209.5,174.3,150.7,116.7,104.3
2485,309,289.6,245.8,352.9,313.5,270.3,291.2,286.9,259.1,291.6,254.9,234.5,249.3,249,235.3,191.3,159.6,131.2,104.9,91.8
2486,308,288.5,245,351.9,312.3,269.4,290.6,285.9,258.4,290.7,254.1,233.9,248.7,248.3,234.7,190.7,159.1,130.6,104.5,91.4
2487,311.2,292.1,247.4,355.2,316.1,272.3,292.5,289.2,260.5,293.4,256.4,235.6,250.5,250.5,236.5,192.5,160.6,132.5,105.7,92.7
2488,490.7,465.1,388.8,557.5,502,430.1,453.4,458.5,406.2,459.5,401.9,365.8,389.5,392,368.5,302.5,252,213.4,167.4,148.3
2489,417.1,412.4,325.7,464.6,440.1,368.5,356.1,399.4,328.5,379.2,332.5,289.7,310.5,322.6,296.7,253.2,209.5,197.9,145,134.2
2508,0,0,0,0,0,0,0,0,0,0,0,0,0,0,0,0,0,0,0,0
2509,0,0,0,0,0,0,0,0,0,0,0,0,0,0,0,0,0,0,0,0
2510,5.3,4.7,4.2,6.1,5.2,4.6,5.3,4.8,4.6,5.1,4.4,4.2,4.5,4.4,4.2,3.3,2.8,2,1.8,1.5
2513,34.6,31.1,27.9,40.2,34.1,30,34.9,31.4,30.3,33.5,29.2,27.9,29.5,28.7,27.6,21.7,18.2,13.4,11.5,9.7
2514,33.5,30.1,27,38.9,32.9,29.1,33.7,30.4,29.3,32.4,28.3,27,28.5,27.8,26.7,21,17.6,13,11.2,9.3
2515,0,0,0,0,0,0,0,0,0,0,0,0,0,0,0,0,0,0,0,0
2516,1.2,1,0.9,1.4,1.1,1,1.2,1.1,1,1.1,1,0.9,1,1,0.9,0.7,0.6,0.5,0.4,0.3
2517,168.5,151.5,135.9,196,165.9,146.3,169.8,152.8,147.6,163.3,142.4,135.9,143.7,139.8,134.6,105.8,88.8,65.3,56.2,47
2518,15.2,13.7,12.2,17.7,15,13.2,15.3,13.8,13.3,14.7,12.8,12.2,13,12.6,12.1,9.5,8,5.9,5.1,4.2
2519,321.4,289,259.1,373.7,316.4,279,323.8,291.5,281.5,311.4,271.5,259.1,274,266.5,256.6,201.8,169.4,124.6,107.1,89.7
2520,255.9,230.1,206.3,297.6,252,222.2,257.9,232.1,224.2,248,216.3,206.3,218.2,212.3,204.4,160.7,134.9,99.2,85.3,71.4
2521,258,232,208,300,254,224,260,234,226,250,218,208,220,214,206,162,136,100,86,72
2522,258,232,208,300,254,224,260,234,226,250,218,208,220,214,206,162,136,100,86,72
2654,33.1,29.8,26.7,38.5,32.6,28.7,33.4,30,29,32.1,28,26.7,28.2,27.5,26.4,20.8,17.5,12.8,11,9.2
2655,62.1,55.9,50.1,72.2,61.2,53.9,62.6,56.4,54.4,60.2,52.5,50.1,53,51.5,49.6,39,32.8,24.1,20.7,17.3
2656,4.8,4.3,3.9,5.6,4.7,4.2,4.8,4.4,4.2,4.7,4.1,3.9,4.1,4,3.8,3,2.5,1.9,1.6,1.3
2957,55.6,62.9,41.2,57.7,64.9,50.5,34,57.7,36.1,45.3,40.2,28.9,31.9,38.1,31.9,31.9,25.8,34,20.6,21.6
2958,59.2,66.9,43.9,61.4,69.1,53.8,36.2,61.4,38.4,48.3,42.8,30.7,34,40.6,34,34,27.4,36.2,21.9,23
2959,44.1,49.8,32.7,45.8,51.5,40,27,45.8,28.6,36,31.9,22.9,25.3,30.2,25.3,25.3,20.4,27,16.3,17.2
2960,129.1,145.9,95.7,133.9,150.7,117.2,78.9,133.9,83.7,105.2,93.3,67,74.1,88.5,74.1,74.1,59.8,78.9,47.8,50.2
2961,206.5,233.3,153,214.2,241,187.4,126.2,214.2,133.9,168.3,149.2,107.1,118.6,141.5,118.6,118.6,95.6,126.2,76.5,80.3
2962,382.5,432.1,283.3,396.7,446.2,347.1,233.7,396.7,247.9,311.7,276.2,198.3,219.6,262.1,219.6,219.6,177.1,233.7,141.7,148.7
2963,11.4,12.9,8.5,11.8,13.3,10.4,7,11.8,7.4,9.3,8.2,5.9,6.6,7.8,6.6,6.6,5.3,7,4.2,4.4
2964,0,0,0,0,0,0,0,0,0,0,0,0,0,0,0,0,0,0,0,0
2965,0,0,0,0,0,0,0,0,0,0,0,0,0,0,0,0,0,0,0,0
2966,0,0,0,0,0,0,0,0,0,0,0,0,0,0,0,0,0,0,0,0
2971,132,128,100,112,110,109,112,108,112,110,107,108,88,122,117,104,76,79,54,55
2972,126.9,123,96.1,107.6,105.7,104.8,107.6,103.8,107.6,105.7,102.8,103.8,84.6,117.3,112.5,100,73,75.9,51.9,52.9
2973,261.4,253.5,198.1,221.8,217.9,215.9,221.8,213.9,221.8,217.9,211.9,213.9,174.3,241.6,231.7,206,150.5,156.5,107,108.9
2974,234,226.9,177.3,198.5,195,193.2,198.5,191.4,198.5,195,189.7,191.4,156,216.2,207.4,184.3,134.7,140,95.7,97.5
2975,586.6,569.5,444.4,499,490.5,484.8,497,481.1,496.9,489,475.2,478.7,391,541,518.5,461,337.2,350.8,239.7,244.1
2988,704.6,671,503,584.7,546,546.1,560.5,560.7,555.6,546,522,560.7,440.7,603.5,589.2,551.2,436.5,446,311.8,316.6
2989,435,483.8,321.2,442.3,490.8,389.2,274,440.8,288.2,352.9,315.2,237.6,252.1,305.7,261.2,258.8,208,266.7,164.1,171.7
2990,167.9,188.8,124.5,173,194,151.9,104,172.9,110,137,121.8,88.9,97,116.5,98.3,97.7,78.4,102.6,62.4,65.5
2991,786,882.4,582.8,808.7,905.7,710.4,488.3,807.7,516.2,641,570.6,417.7,454.3,546.6,461.8,458.4,367.7,479.9,292.4,306.6
2992,761.8,851.7,565.2,779.6,870.3,686.7,478.7,777.9,504.8,621.8,555.1,411.6,442.5,535.2,454.6,449.2,358.9,464.8,284.3,297.8
2993,54,61,40,56,63,49,33,56,35,44,39,28,31,37,31,31,25,33,20,21
2994,54,61,40,56,63,49,33,56,35,44,39,28,31,37,31,31,25,33,20,21
2995,176.5,197.1,131,180.3,201.1,159,111.3,179.9,117.3,144.1,128.8,95.9,102.7,124.4,105.9,104.4,83.4,107.7,65.9,69
2996,103.7,117.1,76.8,107.5,121,94.1,63.4,107.5,67.2,84.5,74.9,53.8,59.5,71,59.5,59.5,48,63.4,38.4,40.3
2997,149.1,168.4,110.5,154.6,173.9,135.3,91.1,154.6,96.7,121.5,107.7,77.3,85.6,102.2,85.6,85.6,69,91.1,55.2,58
2998,206.3,230,152.7,210.9,234.4,185.3,129.8,210,136.6,168,149.8,111.9,119.8,144.6,123.2,121.9,97.9,126,77.4,80.9
2999,537.6,570.4,408.8,568.6,590.1,479,392.3,531.2,387.3,460.5,408.8,329.9,350.9,397.1,352.2,324,262.6,297.6,196,195.3
3014,49.2,55.5,36.4,51,57.4,44.6,30,51,31.9,40.1,35.5,25.5,28.2,33.7,28.2,28.2,22.8,30,18.2,19.1
3015,101.5,114.7,75.2,105.3,118.4,92.1,62,105.3,65.8,82.7,73.3,52.6,58.3,69.6,58.3,58.3,47,62,37.6,39.5
3016,157.3,176.8,116.7,163.6,182.8,142.6,97.5,162.6,102.8,128.7,114,82.6,91.3,108.3,91.1,90.5,73,95.3,58.1,60.8
3017,117.6,128.3,88.4,124.5,133.6,106,79.7,119.4,80.7,98.9,87.4,66.7,73,83.4,71.9,68.6,55.7,67.5,42.8,43.6
3018,234.4,234.7,182.2,259.5,249.7,207.6,195.1,226.1,181.7,211.2,185.3,159.2,171,179.5,163.9,141.6,116.9,114,82,76.8
3019,306.2,295,241.3,345.3,317,269.2,274.7,288.8,248.7,283.5,248.2,222.3,237.3,241.6,225.3,187.7,155.9,137.8,105.2,94.8
3020,144.3,143.3,112.5,160.4,152.7,127.6,122.2,138.5,113.1,130.8,114.8,99.5,106.7,111.3,102.1,87.5,72.3,69,50.3,46.7
3021,125,124.5,97.4,138.8,132.6,110.6,105.2,120.2,97.6,113.1,99.2,85.7,92,96.2,88.1,75.7,62.5,60.2,43.6,40.6
3022,556.5,529.6,440.3,631.1,571,488.1,510.5,521.2,458.6,519.7,454.6,412.2,439.2,443.3,415.9,342.6,285.2,244,190.2,169.2
3023,535,518.4,420.7,601.7,556.2,470.8,474.9,506.3,431.7,493.4,432.2,384.7,411.1,420.4,390.8,327.2,271.6,243.6,184.3,167.1
3024,309.8,290.5,246.3,353.7,314.4,271,291.6,287.7,259.5,292.2,255.4,234.8,249.7,249.5,235.7,191.7,160,131.6,105.2,92.1
3025,309.9,290.7,246.5,353.9,314.6,271.1,291.7,287.9,259.7,292.3,255.5,234.9,249.8,249.6,235.8,191.8,160,131.7,105.2,92.2
3026,183,177,144,206,190,161,163,173,148,169,148,132,141,144,134,112,93,83,63,57
3027,183,177,144,206,190,161,163,173,148,169,148,132,141,144,134,112,93,83,63,57
3028,309.9,290.6,246.4,353.8,314.5,271.1,291.7,287.8,259.6,292.3,255.5,234.9,249.8,249.5,235.8,191.8,160,131.7,105.2,92.2
3029,183,177.1,144.1,206.1,190,161,163,173,148,169,148,132,141,144,134.1,112,93,83,63,57
3030,183.1,177.2,144.2,206.2,190.2,161,163.1,173.1,148.1,169.1,148.1,132.1,141.1,144.1,134.2,112.1,93.1,83.1,63.1,57.1
3031,183.4,178.1,144.9,206.9,190.8,161.1,163.4,173.3,148.3,169.7,148.5,132.4,141.5,144.3,134.9,112.3,93.7,83.5,63.5,57.4
3032,232.6,234.7,181,257.3,249,206,191.6,225,179.1,209,183.5,156.6,168.4,177.3,162,140.3,116.1,114.6,81.9,77
3033,607.5,590.4,478.6,678.5,628.2,533,538.4,571.9,490.9,559.1,491.3,439.2,465,480.2,448.6,375.4,311,280.6,211.7,192.7
3034,901.2,895.8,712.6,1007.7,948.9,791.5,776.8,856.6,714,824.6,723.7,634.6,677.4,701.7,656.7,551.6,461.3,430.6,319.1,293.5
3035,402.9,397.7,321.7,435.7,405.4,347.3,355.8,368.8,328.5,367.9,328.4,300,304.2,328,315.4,261.7,215.8,199,148.7,137.6
3036,352.4,345.4,282.1,400.7,368.4,308.3,315.2,332,285.2,328.1,286.9,255.7,273.9,277.3,263.4,216,182.7,162,124.2,111.6
3037,427.3,427.6,338,476.7,451.7,375.3,364.7,407,336.5,389.8,342.3,298.6,318.7,331.6,310.4,261.4,218.8,206.9,152.2,140.7
3038,521.1,529,406.9,558.7,544.1,456.1,427.5,493.4,404.6,463.6,412.7,359.5,371.7,407.7,378.8,327.7,267.9,268.9,190.4,181.6
3039,474.1,463.9,374.6,508.1,473.6,409.8,418.1,434,387.1,430.6,385.2,353,356,387.1,368.1,308.8,251.5,232.9,173,160.8
3040,7,10,7,4,1,4,4,3,9,4,11,5,7,10,6,2,7,1,3,4
3041,7,10,7,4,1,4,4,3,9,4,11,5,7,10,6,2,7,1,3,4
3042,7,10,7,4,1,4,4,3,9,4,11,5,7,10,6,2,7,1,3,4
3043,7,10,7,4,1,4,4,3,9,4,11,5,7,10,6,2,7,1,3,4
3044,7,10,7,4,1,4,4,3,9,4,11,5,7,10,6,2,7,1,3,4
3068,132,128,100,112,110,109,112,108,112,110,107,108,88,122,117,104,76,79,54,55
3069,132,128,100,112,110,109,112,108,112,110,107,108,88,122,117,104,76,79,54,55
3070,687.1,665.7,519.1,582.4,570.7,565.7,581.2,561.4,581,570.7,554.7,561.4,456.7,632.8,607.4,541.1,397,412.3,282.2,287.3
3071,887.5,858.6,667.4,750.9,733,727.1,747,723.6,746.2,733,711.5,723.6,587,812.6,781,698.6,516,535.1,366.9,373.5
3072,837.8,822.8,632.7,723.2,719.4,696.3,693.8,699.8,696.2,695.8,671.8,664.9,551.5,756.9,720.6,645.6,475.7,503,340.8,347.9
3073,843.7,851.2,634.9,754.8,771.6,712.8,665.4,735.5,673,698.2,664.2,627.4,542.4,728.7,681.8,620,463,508.2,337.7,346.3
3074,1074.7,1087.4,809.4,965.3,990.1,910.6,844.5,941.3,855,890.3,846.1,794.3,690.2,925.5,864,786.1,586.8,646.8,428.7,439.9
3075,2080.1,2129,1564.9,1905.1,1972.9,1776.4,1599.9,1858.9,1623.4,1723.1,1624.2,1489.1,1324.9,1751,1620.4,1483.9,1116.6,1249.5,821.9,844.2
3076,427.9,454,320.5,413.3,441.1,374.1,305.7,405.5,313.5,353.4,325.2,275.4,264.2,335,300.7,282.3,217.8,257.1,164.6,170
3077,272.7,304.9,202.8,283.1,314.5,246.6,172,280.3,180.2,223.9,198.7,146,159.9,189.6,160.5,158.3,127.5,164.3,100.8,105.1
3113,228.1,255.7,169.1,234.2,262,205.9,142.2,233.9,150.1,186,165.7,121.9,132,159,134.6,133.5,107.1,139.3,85,89.1
3114,203.2,222.9,151,202.9,223.1,180.8,133.8,201.6,139.7,166.1,150.1,117.6,120.3,148.8,129.3,125.4,98.9,123.8,77,80.3
3115,1018.2,1080.8,762.4,982.6,1049.7,890.2,726.3,964.9,745.5,840.4,773.6,654.8,627.7,797,715.1,671.8,518.2,612.4,391.9,404.8
3116,956.2,987.9,723.3,885.2,919.4,817.5,729.1,859.7,739.6,793.8,745.6,676.8,608.9,796.9,740.5,676.3,513.6,577.1,379.9,389
3117,1905.8,1946.1,1466.7,1884,1886.8,1641.4,1518.8,1742.2,1488.9,1636.9,1503,1351.5,1287,1558,1455.3,1291.4,1011.8,1073.5,732.5,726.7
3118,924.6,997.7,711.3,959.2,1005.6,815.1,665.9,901.3,665.6,787,705.6,574.6,594.1,693.1,629.5,573.7,466.1,535.6,351.4,352.8
3119,1335.6,1324.6,1045.2,1467.4,1393,1173.3,1139,1265.9,1056.2,1209.3,1067.3,938.6,988.3,1045.7,969.9,826.9,680.6,648,473,440.6
3120,262,291.7,207.2,286.6,300.1,232.1,185.4,262,183.1,227.4,199.9,155.4,171,187.8,173.7,154.1,132.1,151.4,100.6,99.1
3121,79.3,78.9,69.4,96,82.7,67,78.1,71.6,67.7,78.8,68.3,63.4,68.2,64.5,68.1,49.7,45.8,35.3,30.3,25.3
3122,87.8,90.9,78.7,107.5,93.8,73.6,84.9,79.5,73.7,87.6,75.8,69.3,75.1,70.6,76.7,54.9,52.1,41.3,35.2,29.5
3123,124.1,131.3,105.6,145.3,135.7,106.6,107.9,116.9,97.7,117.4,102.2,88.7,96.4,95.8,97.8,75.8,68.9,63,48.5,43.4
3125,7,10,7,4,1,4,4,3,9,4,11,5,7,10,6,2,7,1,3,4
3126,7,10,7,4,1,4,4,3,9,4,11,5,7,10,6,2,7,1,3,4
3127,7,10,7,4,1,4,4,3,9,4,11,5,7,10,6,2,7,1,3,4
3128,7,10,7,4,1,4,4,3,9,4,11,5,7,10,6,2,7,1,3,4
3129,7,10,7,4,1,4,4,3,9,4,11,5,7,10,6,2,7,1,3,4
3136,510.9,495.1,385.8,433.2,424.5,420.6,431.7,417.6,431.6,424.1,412.1,417.1,339.3,470,451.1,402.2,295.3,306.8,209.9,213.8
3137,398.8,386.9,301.8,338.7,332.7,329.2,337.5,326.6,337.6,331.9,322.7,325.5,265.4,367.7,352.5,313.7,229.6,238.9,163.2,166.3
3138,395.4,386.6,296.6,339.3,334.8,325.7,326.3,327.9,326.9,325.7,314.2,314.5,258.9,355.4,339.5,305.7,227.3,239,162.7,165.9
3139,185,200.2,130.8,181.8,194.1,156.9,113.7,180.1,118.1,142.3,126.1,103.7,103.3,125.2,110.2,113.4,96.7,117.9,75.2,78.1
3140,283.4,320.1,209.9,293.9,330.6,257.1,173.2,293.8,183.7,230.9,204.6,146.9,162.7,194.1,162.7,162.7,131.2,173.2,105,110.2
3157,170.9,193.1,126.6,177.3,199.4,155.1,104.5,177.3,110.8,139.3,123.4,88.6,98.1,117.1,98.1,98.1,79.1,104.5,63.3,66.5
3158,134.5,151.9,99.6,139.4,156.9,122,82.2,139.4,87.2,109.6,97.1,69.7,77.2,92.1,77.2,77.2,62.3,82.2,49.8,52.3
3159,54,61,40,56,63,49,33,56,35,44,39,28,31,37,31,31,25,33,20,21
3160,54,61,40,56,63,49,33,56,35,44,39,28,31,37,31,31,25,33,20,21
3161,108,122,80,112,126,98,66,112,70,88,78,56,62,74,62,62,50,66,40,42
3162,97.7,110.3,72.4,101.3,114,88.6,59.7,101.3,63.3,79.6,70.5,50.6,56.1,66.9,56.1,56.1,45.2,59.7,36.2,38
3163,108,122,80,112,126,98,66,112,70,88,78,56,62,74,62,62,50,66,40,42
3164,103.7,117.1,76.8,107.5,121,94.1,63.4,107.5,67.2,84.5,74.9,53.8,59.5,71,59.5,59.5,48,63.4,38.4,40.3
3165,102.6,115.9,76,106.4,119.7,93.1,62.7,106.4,66.5,83.6,74.1,53.2,58.9,70.3,58.9,58.9,47.5,62.7,38,39.9
3166,230.5,250.4,173.6,244.5,261,207.4,158.1,233.4,159.3,194.5,171.8,132,144.4,164.2,142.1,134.7,109.5,131.2,83.8,84.9
3167,254.1,258.9,196.2,278.8,274.2,225.8,203.6,247.6,192.4,225.8,198.5,166.8,179.8,191.7,173.2,152.4,125.4,128,89.6,85.4
3168,371.4,369.6,290.4,413.6,393.6,328.1,314.7,356.3,291,337.1,295.7,256.3,275.1,286.3,263.6,225.2,186.7,178.1,129.9,120.5
3169,187.5,193.7,145.3,205.7,204.2,166.6,147.7,183.5,140.5,166.1,146,121.4,131.2,140.5,127.3,112.2,92.9,96.5,67,64.2
3170,298.2,300.2,242.8,341.4,316.7,259.6,262.6,281.6,238.3,278.2,243,214,230.4,232.7,225.4,182.3,157.5,142.3,108.6,97.8
3171,328.6,324,262.9,372.9,344.9,287.6,291.1,310.4,264.2,304.9,266.7,236.5,253.5,257.5,244.3,201,170.1,152.8,116.3,104.9
3172,231.2,238.1,183.9,258.7,250.3,203.3,190.1,223,177.3,209.4,183.5,155.9,168.5,175.7,164.9,139.5,118.3,116.6,84.1,78.5
3173,189,193,158,220,202,163,169,177,152,179,156,138,149,148,148,116,103,91,71,63
3174,7,10,7,4,1,4,4,3,9,4,11,5,7,10,6,2,7,1,3,4
3175,7,10,7,4,1,4,4,3,9,4,11,5,7,10,6,2,7,1,3,4
3176,7,10,7,4,1,4,4,3,9,4,11,5,7,10,6,2,7,1,3,4
3177,7,10,7,4,1,4,4,3,9,4,11,5,7,10,6,2,7,1,3,4
3178,570.6,594.2,424.5,532.5,559.1,488.9,417.5,523,426.7,466.2,433.9,386,352.8,459.1,419.5,392.7,302,347.4,225.7,232.9
3179,236.8,258.9,175.7,235.4,258,209.9,156.5,233.8,163.3,193.2,174.8,138.3,140.3,174,151.7,147.1,116.1,144.5,90.2,94
3203,88.2,99.7,65.4,91.5,102.9,80.1,53.9,91.5,57.2,71.9,63.7,45.7,50.6,60.4,50.6,50.6,40.8,53.9,32.7,34.3
3204,104.9,118.5,77.7,108.8,122.4,95.2,64.1,108.8,68,85.5,75.8,54.4,60.2,71.9,60.2,60.2,48.6,64.1,38.9,40.8
3205,146.6,165.6,108.6,152,171,133,89.6,152,95,119.4,105.8,76,84.1,100.4,84.1,84.1,67.8,89.6,54.3,57
3206,162.8,183.9,120.6,168.8,189.9,147.7,99.5,168.8,105.5,132.7,117.6,84.4,93.5,111.6,93.5,93.5,75.4,99.5,60.3,63.3
3207,457.3,516.6,338.7,474.2,533.5,415,279.5,474.2,296.4,372.6,330.3,237.1,262.5,313.3,262.5,262.5,211.7,279.5,169.4,177.8
3208,24.3,27.5,18,25.2,28.4,22.1,14.9,25.2,15.8,19.8,17.6,12.6,14,16.7,14,14,11.3,14.9,9,9.5
3209,5.1,5.8,3.8,5.3,5.9,4.6,3.1,5.3,3.3,4.2,3.7,2.6,2.9,3.5,2.9,2.9,2.4,3.1,1.9,2
3210,0,0,0,0,0,0,0,0,0,0,0,0,0,0,0,0,0,0,0,0
3211,0.2,0.2,0.1,0.2,0.2,0.2,0.1,0.2,0.1,0.1,0.1,0.1,0.1,0.1,0.1,0.1,0.1,0.1,0.1,0.1
3212,34.6,39.1,25.6,35.9,40.4,31.4,21.1,35.9,22.4,28.2,25,17.9,19.9,23.7,19.9,19.9,16,21.1,12.8,13.5
3213,107.8,120.6,80.2,112.4,124.8,97.6,67.9,111.1,71,88.6,78.5,57.4,63.3,74.6,63,62.2,50.2,64.7,39.7,41.4
3214,108,122,80,112,126,98,66,112,70,88,78,56,62,74,62,62,50,66,40,42
3215,147,164.4,109.4,153.4,170.2,133.1,92.8,151.5,97,120.9,107.1,78.4,86.5,101.8,86.1,84.8,68.5,88.2,54.2,56.4
3216,215.8,216.2,167.7,238.9,230,191.2,179.5,208.2,167.2,194.4,170.6,146.4,157.3,165.2,150.8,130.4,107.6,105.1,75.5,70.8
3217,93.1,96.4,71.5,101.4,101.7,83,72.1,91.6,69.1,81.8,72,59.3,64.1,69.3,62,55.5,45.6,48.4,33.1,32
3218,36.3,35.2,28.5,40.8,37.8,31.9,32.1,34.4,29.2,33.4,29.3,26,27.8,28.5,26.4,22.2,18.4,16.6,12.5,11.4
3219,78.7,80.3,60.7,86.3,85,69.9,62.9,76.8,59.5,69.9,61.4,51.5,55.6,59.3,53.5,47.2,38.8,39.8,27.8,26.5
3220,201.6,206.1,155.5,220.9,218.1,179.3,160.5,196.9,152.1,178.8,157.2,131.6,142,151.7,136.9,120.8,99.4,102.2,71.2,68.1
3221,183,177,144,206,190,161,163,173,148,169,148,132,141,144,134,112,93,83,63,57
3222,183,177,144,206,190,161,163,173,148,169,148,132,141,144,134,112,93,83,63,57
3223,183,177.1,144.1,206.1,190.1,161,163,173,148,169.1,148.1,132,141.1,144,134.1,112,93.1,83.1,63.1,57
3224,183.4,178.2,145,207,190.9,161.1,163.4,173.3,148.3,169.7,148.6,132.4,141.6,144.3,135,112.3,93.7,83.6,63.6,57.4
3225,183.5,178.3,145.1,207.1,191,161.2,163.5,173.3,148.3,169.8,148.6,132.5,141.6,144.3,135.1,112.3,93.8,83.6,63.6,57.5
3226,310.6,292.6,248.2,355.5,316,271.3,292.4,288.3,260.1,293.5,256.5,235.6,250.8,250,237.5,192.3,161.3,132.7,106.2,92.9
3227,310.8,293.2,248.7,356.1,316.5,271.4,292.7,288.4,260.3,293.9,256.8,235.9,251.1,250.2,238.1,192.4,161.6,133,106.5,93.1
3293,132,128,100,112,110,109,112,108,112,110,107,108,88,122,117,104,76,79,54,55
3294,132,128,100,112,110,109,112,108,112,110,107,108,88,122,117,104,76,79,54,55
3295,407,393.4,305.2,343.9,334.9,332.4,341.5,331.3,341,334.9,324.9,331.3,268.3,371.3,357.1,320.2,237.4,246,168.9,171.9
3309,0,0,0,0,0,0,0,0,0,0,0,0,0,0,0,0,0,0,0,0
3310,0,0,0,0,0,0,0,0,0,0,0,0,0,0,0,0,0,0,0,0
3322,0,0,0,0,0,0,0,0,0,0,0,0,0,0,0,0,0,0,0,0
3323,0,0,0,0,0,0,0,0,0,0,0,0,0,0,0,0,0,0,0,0
3324,0,0,0,0,0,0,0,0,0,0,0,0,0,0,0,0,0,0,0,0
3325,0,0,0,0,0,0,0,0,0,0,0,0,0,0,0,0,0,0,0,0
3326,0,0,0,0,0,0,0,0,0,0,0,0,0,0,0,0,0,0,0,0
3327,0,0,0,0,0,0,0,0,0,0,0,0,0,0,0,0,0,0,0,0
3328,0,0,0,0,0,0,0,0,0,0,0,0,0,0,0,0,0,0,0,0
3329,0,0,0,0,0,0,0,0,0,0,0,0,0,0,0,0,0,0,0,0
3330,0,0,0,0,0,0,0,0,0,0,0,0,0,0,0,0,0,0,0,0
3331,0,0,0,0,0,0,0,0,0,0,0,0,0,0,0,0,0,0,0,0
3332,0,0,0,0,0,0,0,0,0,0,0,0,0,0,0,0,0,0,0,0
3333,0,0,0,0,0,0,0,0,0,0,0,0,0,0,0,0,0,0,0,0
3334,88.3,79.4,71.2,102.7,86.9,76.7,89,80.1,77.3,85.6,74.6,71.2,75.3,73.2,70.5,55.4,46.5,34.2,29.4,24.6
3335,243,219.3,195.7,282.2,239.9,211.1,243.7,220.8,212.2,235,205,195,206.4,201.1,193.4,152.4,127.9,94.9,81.1,68.2
3336,440.3,396.2,354.9,511.8,433.7,382.3,443.2,399.5,385.4,426.4,371.9,354.6,375.1,365,351.3,276.4,232,170.9,146.8,123
3337,247.7,222.7,199.7,288,243.8,215,249.6,224.6,217,240,209.3,199.7,211.2,205.4,197.8,155.5,130.6,96,82.6,69.1
3338,487.3,442.2,391.7,564.4,482.9,423.8,484.1,444.2,422.9,469.5,409.6,387.8,410.7,401.7,385.2,305,255.8,192.8,163.1,137.9
3339,372.2,334.8,300,432.7,366.5,323.2,374.8,337.7,325.9,360.6,314.4,299.9,317.2,308.6,297,233.7,196.2,144.4,124.1,103.9
3340,129,116,104,150,127,112,130,117,113,125,109,104,110,107,103,81,68,50,43,36
3341,119.9,107.8,96.7,139.4,118.1,104.1,120.8,108.8,105,116.2,101.3,96.7,102.2,99.5,95.7,75.3,63.2,46.5,40,33.5
3342,121.8,109.6,98.2,141.6,120,105.8,122.6,110.5,106.6,118,102.9,98.1,103.7,101,97.2,76.5,64.2,47.3,40.6,34
3343,307.3,290.5,243.7,349.6,313.8,269.2,285.3,286.7,255.2,288.3,252.1,230,244.9,246,231.6,189.6,158,132.9,104.7,92.5
3482,1000.9,966.6,788,1127.4,1038,880.3,894,945.3,810.9,925.3,810.2,723.8,772.9,788.5,734.3,612.9,509,452.5,344.3,311
3533,0,0,0,0,0,0,0,0,0,0,0,0,0,0,0,0,0,0,0,0
3534,0,0,0,0,0,0,0,0,0,0,0,0,0,0,0,0,0,0,0,0
3535,0,0,0,0,0,0,0,0,0,0,0,0,0,0,0,0,0,0,0,0
3546,0,0,0,0,0,0,0,0,0,0,0,0,0,0,0,0,0,0,0,0
3547,0,0,0,0,0,0,0,0,0,0,0,0,0,0,0,0,0,0,0,0
3548,0,0,0,0,0,0,0,0,0,0,0,0,0,0,0,0,0,0,0,0
3549,0,0,0,0,0,0,0,0,0,0,0,0,0,0,0,0,0,0,0,0
3550,0,0,0,0,0,0,0,0,0,0,0,0,0,0,0,0,0,0,0,0
3551,0,0,0,0,0,0,0,0,0,0,0,0,0,0,0,0,0,0,0,0
3552,2,2.2,1.5,2.1,2.3,1.8,1.2,2.1,1.3,1.6,1.4,1,1.1,1.4,1.1,1.1,0.9,1.2,0.7,0.8
3553,0,0,0,0,0,0,0,0,0,0,0,0,0,0,0,0,0,0,0,0
3554,0,0,0,0,0,0,0,0,0,0,0,0,0,0,0,0,0,0,0,0
3555,0,0,0,0,0,0,0,0,0,0,0,0,0,0,0,0,0,0,0,0
3556,0.8,0.9,0.6,0.9,1,0.7,0.5,0.9,0.5,0.7,0.6,0.4,0.5,0.6,0.5,0.5,0.4,0.5,0.3,0.3
3557,95.7,89.4,76.3,109.5,96.8,83.7,90.9,88.7,80.6,90.6,79.2,73.1,77.7,77.4,73.3,59.4,49.6,40.3,32.4,28.3
3558,405.7,392.7,319.2,456.5,421.5,357,360.8,383.7,327.8,374.5,327.9,292.2,312.2,319,296.8,248.2,206.1,184.3,139.7,126.5
3559,428.6,411.4,338.2,484.2,442.5,376.6,387.3,403.4,349.8,398,348.4,313.2,334.1,339.3,317,263.1,218.7,191.3,147,132
3560,190.4,173.4,152.9,220.3,189.2,165.7,188.3,173.9,164.7,183.1,159.8,150.9,159.8,156.6,150,119.1,99.8,75.9,63.8,54.2
3561,240.1,219.1,192.7,277.5,238.9,209,236.5,219.6,207.2,230.5,201.2,189.6,200.9,197.2,188.6,150,125.7,96.2,80.5,68.5
3562,517.2,474.3,414.3,596.3,516.5,450.6,505.3,474.3,443.9,495,432.1,405.4,429.8,423.2,404,322.6,270.1,209.4,173.9,148.7
3563,263,240.9,210.7,303.4,262.4,229.1,257.3,241,225.9,251.8,219.8,206.4,218.8,215.3,205.6,164.1,137.4,106.3,88.4,75.5
3564,246.2,235.8,194.4,278.3,253.7,216.2,223.2,231.4,201.4,228.9,200.3,180.4,192.4,195.1,182.5,151.2,125.7,109.4,84.4,75.6
3565,270.6,263.3,212.5,303.7,282.2,238.3,238.3,256.7,217.3,248.8,218,193.2,206.6,211.9,196.6,165.2,137.1,124.3,93.4,85
3566,305.4,285.6,243.1,349.2,309.3,267,289,283.2,256.7,288.6,252.3,232.6,247.2,246.5,233.2,189.2,158,129,103.6,90.4
3567,183,177,144,206,190,161,163,173,148,169,148,132,141,144,134,112,93,83,63,57
3580,0,0,0,0,0,0,0,0,0,0,0,0,0,0,0,0,0,0,0,0
3581,0,0,0,0,0,0,0,0,0,0,0,0,0,0,0,0,0,0,0,0
3582,378.1,340,304.8,439.7,372.3,328.3,381.1,343,331.2,366.4,319.5,304.8,322.4,313.6,301.9,237.4,199.3,146.6,126,105.5
3583,654.9,588.9,528,761.5,644.7,568.6,660,594,573.7,634.6,553.4,528,558.4,543.2,522.9,411.2,345.2,253.8,218.3,182.8
3584,742.9,668.1,599,863.9,731.4,645,748.7,673.8,650.8,719.9,627.7,599,633.5,616.2,593.2,466.5,391.6,288,247.6,207.3
3585,258,232,208,300,254,224,260,234,226,250,218,208,220,214,206,162,136,100,86,72
3586,209.5,188.4,168.9,243.6,206.3,181.9,211.1,190,183.5,203,177,168.9,178.7,173.8,167.3,131.6,110.4,81.2,69.8,58.5
3587,59.3,53.4,47.8,69,58.4,51.5,59.8,53.8,52,57.5,50.1,47.8,50.6,49.2,47.4,37.3,31.3,23,19.8,16.6
3588,196.4,176.6,158.3,228.3,193.3,170.5,197.9,178.1,172,190.3,165.9,158.3,167.4,162.9,156.8,123.3,103.5,76.1,65.5,54.8
3589,237.7,213.8,191.6,276.4,234,206.4,239.6,215.6,208.2,230.3,200.9,191.6,202.7,197.2,189.8,149.3,125.3,92.1,79.2,66.3
3590,258,232,208,300,254,224,260,234,226,250,218,208,220,214,206,162,136,100,86,72
3601,0,0,0,0,0,0,0,0,0,0,0,0,0,0,0,0,0,0,0,0
3602,0,0,0,0,0,0,0,0,0,0,0,0,0,0,0,0,0,0,0,0
3603,0,0,0,0,0,0,0,0,0,0,0,0,0,0,0,0,0,0,0,0
3604,0,0,0,0,0,0,0,0,0,0,0,0,0,0,0,0,0,0,0,0
3605,0,0,0,0,0,0,0,0,0,0,0,0,0,0,0,0,0,0,0,0
3606,0,0,0,0,0,0,0,0,0,0,0,0,0,0,0,0,0,0,0,0
3607,0,0,0,0,0,0,0,0,0,0,0,0,0,0,0,0,0,0,0,0
3608,0,0,0,0,0,0,0,0,0,0,0,0,0,0,0,0,0,0,0,0
3609,0,0,0,0,0,0,0,0,0,0,0,0,0,0,0,0,0,0,0,0
3610,0,0,0,0,0,0,0,0,0,0,0,0,0,0,0,0,0,0,0,0
3611,5.2,4.6,4.2,6,5.1,4.5,5.2,4.7,4.5,5,4.4,4.2,4.4,4.3,4.1,3.2,2.7,2,1.7,1.4
3612,13,11.7,10.5,15.2,12.8,11.3,13.1,11.8,11.4,12.6,11,10.5,11.1,10.8,10.4,8.2,6.9,5.1,4.3,3.6
3613,279.2,251,225.1,324.6,274.8,242.4,281.3,253.2,244.5,270.5,235.9,225.1,238.1,231.6,222.9,175.3,147.2,108.2,93.1,77.9
3614,432.3,388.7,348.5,502.7,425.6,375.3,435.6,392.1,378.7,418.9,365.3,348.5,368.6,358.6,345.2,271.4,227.9,167.6,144.1,120.6
3615,498.1,447.9,401.5,579.2,490.4,432.4,501.9,451.7,436.3,482.6,420.9,401.5,424.7,413.1,397.7,312.7,262.6,193.1,166,139
3616,378.5,340.4,305.2,440.1,372.6,328.6,381.4,343.3,331.6,366.8,319.8,305.2,322.8,314,302.2,237.7,199.5,146.7,126.2,105.6
3617,247.7,222.7,199.7,288,243.8,215,249.6,224.6,217,240,209.3,199.7,211.2,205.4,197.8,155.5,130.6,96,82.6,69.1
3618,237.4,213.4,191.4,276,233.7,206.1,239.2,215.3,207.9,230,200.6,191.4,202.4,196.9,189.5,149,125.1,92,79.1,66.2
3619,258,232,208,300,254,224,260,234,226,250,218,208,220,214,206,162,136,100,86,72
3620,129,116,104,150,127,112,130,117,113,125,109,104,110,107,103,81,68,50,43,36
3621,259.1,233.3,208.9,301.2,255.3,225,260.7,235.2,226.7,250.9,218.8,208.6,220.7,214.8,206.7,162.7,136.5,100.7,86.4,72.4
3633,0,0,0,0,0,0,0,0,0,0,0,0,0,0,0,0,0,0,0,0
3634,0,0,0,0,0,0,0,0,0,0,0,0,0,0,0,0,0,0,0,0
3635,0,0,0,0,0,0,0,0,0,0,0,0,0,0,0,0,0,0,0,0
3636,0,0,0,0,0,0,0,0,0,0,0,0,0,0,0,0,0,0,0,0
3637,0,0,0,0,0,0,0,0,0,0,0,0,0,0,0,0,0,0,0,0
3638,0,0,0,0,0,0,0,0,0,0,0,0,0,0,0,0,0,0,0,0
3639,0,0,0,0,0,0,0,0,0,0,0,0,0,0,0,0,0,0,0,0
3640,0,0,0,0,0,0,0,0,0,0,0,0,0,0,0,0,0,0,0,0
3641,0,0,0,0,0,0,0,0,0,0,0,0,0,0,0,0,0,0,0,0
3642,0,0,0,0,0,0,0,0,0,0,0,0,0,0,0,0,0,0,0,0
3643,288.3,263.1,231.3,333.1,286.9,250.9,283.8,263.7,248.6,276.7,241.5,227.5,241.1,236.7,226.4,180.1,150.9,115.5,96.7,82.3
3644,0,0,0,0,0,0,0,0,0,0,0,0,0,0,0,0,0,0,0,0
3645,21.4,19.2,17.2,24.8,21,18.5,21.5,19.4,18.7,20.7,18,17.2,18.2,17.7,17.1,13.4,11.3,8.3,7.1,6
3646,224.3,201.7,180.8,260.8,220.8,194.8,226.1,203.5,196.5,217.4,189.5,180.8,191.3,186.1,179.1,140.9,118.2,86.9,74.8,62.6
3647,0,0,0,0,0,0,0,0,0,0,0,0,0,0,0,0,0,0,0,0
3648,4.6,4.2,3.7,5.4,4.6,4,4.7,4.2,4.1,4.5,3.9,3.7,4,3.8,3.7,2.9,2.4,1.8,1.5,1.3
3649,81.9,74.4,65.9,94.9,81.2,71.3,81.4,74.7,71.1,79,68.9,65.2,69.1,67.6,64.8,51.3,43,32.4,27.4,23.2
3650,372,341.8,297.8,428.6,372,324.2,362.3,341.5,318.6,355.6,310.4,290.8,308.4,304,289.9,231.9,194.1,151.3,125.2,107.3
3651,458.2,418.2,367.6,529.4,456,398.8,451.1,419,395.2,439.8,383.8,361.7,383.2,376.2,359.8,286.2,239.8,183.6,153.7,130.8
3652,177.2,160.4,142.6,205.5,175.3,154,176.7,161.3,154.2,171,149.2,141.5,149.8,146.3,140.4,111,93.1,69.7,59.2,50
3653,247,222.1,199.2,287.3,243.2,214.5,249,224.1,216.4,239.4,208.7,199.2,210.7,204.9,197.3,155.1,130.2,95.8,82.3,68.9
3654,389,350.3,313.5,452.1,383.3,337.8,391.2,353.1,340.3,376.6,328.4,313,331.2,322.4,310.2,244.2,204.9,151.2,129.7,108.8
3655,258.4,232.4,208.3,300.4,254.5,224.4,260.2,234.4,226.3,250.3,218.3,208.2,220.2,214.3,206.2,162.2,136.2,100.2,86.1,72.2
3656,168.8,152.4,135.9,196,166.7,146.7,169.1,153.5,147.3,163.2,142.3,135.3,143.2,139.7,134.2,105.9,88.8,66,56.4,47.4
3657,265,240.8,212.9,306.7,262.8,230.5,262.7,241.7,229.6,255.1,222.5,210.5,222.9,218.2,209.1,165.8,139,105.1,88.7,75.1
3658,486.3,460.2,385.6,553,496.9,426.1,450.7,454,403.4,455.9,398.7,363.5,387,389.1,366,300,250,210.7,165.8,146.6
3683,0,0,0,0,0,0,0,0,0,0,0,0,0,0,0,0,0,0,0,0
3684,0,0,0,0,0,0,0,0,0,0,0,0,0,0,0,0,0,0,0,0
3685,0,0,0,0,0,0,0,0,0,0,0,0,0,0,0,0,0,0,0,0
3686,0,0,0,0,0,0,0,0,0,0,0,0,0,0,0,0,0,0,0,0
3687,0,0,0,0,0,0,0,0,0,0,0,0,0,0,0,0,0,0,0,0
3690,113,91.9,28,37.8,40.1,47.1,37.9,33,33.1,35.4,40,44.8,73.9,68.3,79.9,77.1,54.8,92,74.6,53.7
3691,561.3,469.9,203.4,258.7,264.5,295.8,255.1,222.6,218.8,242.3,259.6,286,388.2,357.6,422.4,416.1,296.9,435.1,351,256.7
3692,998.3,956.5,426.4,449.8,484.3,547.9,540.3,447.6,473.6,452.5,503.4,524.7,681.6,655.8,746.2,752,561.9,750.9,612.9,558.4
3693,827.8,878.7,396.4,381.9,414.6,461.9,514.9,404.3,444.8,391.2,440.7,434.5,575.5,541.8,604.5,614,486.4,592.9,500.9,531.7
3694,154,186.5,157.2,194.1,168.2,120.6,156,132.3,131.2,159.2,139.9,126.8,139.6,122.5,155.2,101.7,109.7,83.4,76.2,70.2
3695,108.6,102.5,91.7,129.5,109.7,92.9,109.5,97.9,94.6,107.2,93.1,88.1,93.9,89.7,90.9,68.3,60.4,44.7,38.9,32.3
3696,125.9,113.5,101.7,146.6,124.1,109.3,126.9,114.2,110.3,122.1,106.5,101.5,107.4,104.4,100.7,79.1,66.5,48.9,42.1,35.2
3697,275.6,256.7,228.4,321.6,273.9,236.3,275.6,247.7,240.1,268.4,234.6,223.2,234.7,229.1,228.1,175.3,151,113.8,97.4,82
3698,85.7,91,79.9,104.9,90.3,70,84.6,75,73.2,86.8,75.7,70.7,74.6,71,80.8,55.9,54.2,42.6,36.8,30.8
3699,215.5,203,174.1,231.9,204.3,182.9,206.2,188.8,186.4,201.2,180.9,175,172.2,184.9,181.9,146.4,119.7,100.3,79.5,71.3
3700,31.9,30.4,27.2,38.3,32.4,27.2,32.2,28.7,27.8,31.6,27.5,25.9,27.7,26.3,27,20.1,17.9,13.3,11.6,9.6
3701,282.1,253.7,227.5,328.1,277.8,244.9,284.3,255.9,247.1,273.4,238.4,227.5,240.6,234,225.3,177.1,148.7,109.4,94.1,78.7
3702,516,464,416,600,508,448,520,468,452,500,436,416,440,428,412,324,272,200,172,144
3703,1026.9,932.1,821.8,1155.1,992.2,886.3,1015.1,920.3,896.1,978.2,863.4,829.3,852.6,863.5,830.8,664.6,547.3,424.1,351.7,303.6
3704,768.3,708.6,607.1,814.1,718.2,656.3,734.1,674.4,666.1,710.2,640.5,622.4,608.2,661.2,635.6,522.8,417.3,351,275.2,249.1
3705,783,732,612,786,711,663,726,675,675,705,648,636,594,687,660,555,432,387,291,273
3706,783,732,612,786,711,663,726,675,675,705,648,636,594,687,660,555,432,387,291,273
3707,783,732,612,786,711,663,726,675,675,705,648,636,594,687,660,555,432,387,291,273
3708,783,732,612,786,711,663,726,675,675,705,648,636,594,687,660,555,432,387,291,273
3739,102.3,91.7,65.8,75.2,76.6,83.9,75,64.4,61,72.4,75.5,84,81.2,70.6,91,98.3,69.2,74.3,59,44.2
3740,316.4,288.5,218.5,260.2,253.5,262.1,252.3,224.5,218.2,244.3,243.2,258.8,245.9,240,277,277.1,200.6,205.4,160.2,128.5
3741,802.6,727.1,528.5,590.8,589.9,626.2,593.9,538.9,547.5,585.5,584,633.2,596.3,644.8,682.6,695.9,506.3,518.1,442.9,372
3742,789.8,713.6,541.4,654.1,630.7,649.4,628.3,555.1,538.3,609,601.4,641.1,624.3,593.2,682.9,685,500.4,502.8,406.9,321.3
3785,55.4,51.3,43.6,53.5,48.3,44.9,45.9,51.6,50.1,48.9,44.8,49.6,50.7,54.2,47.4,40.1,30.4,27.7,24.9,20.3
3786,52,46.8,41.9,60.2,51.1,45.1,52.2,47.2,45.6,50.3,43.9,42.1,44.5,43.4,41.6,32.8,27.5,20.3,17.5,14.6
3797,110.5,99.4,89.1,128.5,108.8,95.9,111.3,100.2,96.8,107.1,93.4,89.1,94.2,91.6,88.2,69.4,58.2,42.8,36.8,30.8
3798,387,348,312,450,381,336,390,351,339,375,327,312,330,321,309,243,204,150,129,108
3799,495.4,445.4,399.4,576,487.7,430.1,499.2,449.3,433.9,480,418.6,399.4,422.4,410.9,395.5,311,261.1,192,165.1,138.2
3800,204.4,183.8,164.8,237.6,201.2,177.4,206,185.4,179,198,172.7,164.8,174.3,169.5,163.2,128.3,107.7,79.2,68.1,57
3801,372.8,335.2,300.6,433.5,367,323.7,375.7,338.1,326.6,361.2,315,300.6,317.9,309.2,297.7,234.1,196.5,144.5,124.3,104
3804,498.9,461.6,401.5,549.4,477.7,426.9,485.4,442.1,433.4,470.7,419.3,404.1,406.6,423.6,412.5,330.8,271.7,219.2,177.5,156.4
3805,391,357,319.8,457.9,387.9,337.9,393.9,353.8,341.9,380.9,331.8,315.8,334.7,324,316.9,245.8,209.6,154.6,133.4,111.4
3806,677.8,635.3,532,702.9,634.1,578.6,629.3,595.8,579.4,616.9,560,540.5,521,582.2,557.1,465.3,368,324.6,246.9,228.4
3807,661.6,617.6,519.7,687,616.8,564.5,618,580.3,567.8,603.4,547.7,530.4,511.1,569.8,545.8,454.9,359.7,314.6,240.5,221.8
3856,505.8,415,263.3,267.5,266.2,307.4,283.9,258,298.7,300.9,282.5,336.4,377.9,435.3,355,401.7,314.5,278.4,376.5,315.1
3857,734.5,647.6,468.9,543.5,531,563.9,535.1,474.3,477.1,527.8,519.5,569.8,571.7,567.9,606.9,631.6,466.6,459.5,425.9,341.5
3858,648.5,588.9,424.3,477.1,487.9,531.2,479.6,419.7,404.5,464.5,483.1,532.5,501.1,466.9,579.5,615,433.2,467.4,364,282.8
3859,283.2,271.2,182.1,187.4,201.8,228.7,205,171.6,167.2,190,207.2,230.9,219.9,192.5,254.2,283.2,200.7,216.9,172.3,143.2
3860,275.2,285.7,222.2,269,246.5,230.4,268.3,236.4,241.3,243.5,229,219.2,215.2,230.7,227.4,197.4,162.8,134.5,109.2,123
3861,864.4,830.2,686,868.5,787.5,728,806.9,743.3,746,779,718.1,701.1,660.3,753,734.1,614.7,487.7,431.9,329.6,318.1
3862,785.4,731,624.4,830.1,734.6,668.6,747.5,687.1,679.8,725.7,655.6,637.1,619.8,677.2,656,537.5,430.9,365.5,285.7,259.3
3863,377.3,352.8,303.1,405.7,356.9,321.1,361.7,331.2,326.7,351.9,316.3,306.2,301.6,323.5,316.1,255.7,208,173.6,137.6,123.5
3864,366.7,342.5,295,396.6,348,312.2,352.6,322.4,317.6,343,307.6,297.4,294.4,313.6,306.6,247.2,201.8,167.2,133.2,119
3877,31.6,28.4,25.5,36.7,31.1,27.4,31.8,28.7,27.7,30.6,26.7,25.5,26.9,26.2,25.2,19.8,16.7,12.2,10.5,8.8
3878,47,44,36.9,45,41.1,38.6,39.9,42.7,42,41.4,38.3,41.1,40.3,45.1,40.4,34.4,26.1,24.1,20.3,17.5
3879,127.2,116.8,101.3,132.2,116.3,106.1,113.9,117.8,114.1,116.5,104.8,110.1,113.7,117.9,106.3,87.7,68.9,58.3,51.8,42.6
3880,0,0,0,0,0,0,0,0,0,0,0,0,0,0,0,0,0,0,0,0
3881,0,0,0,0,0,0,0,0,0,0,0,0,0,0,0,0,0,0,0,0
3882,1.9,1.7,1.5,2.2,1.8,1.6,1.9,1.7,1.6,1.8,1.6,1.5,1.6,1.5,1.5,1.2,1,0.7,0.6,0.5
3883,39.5,35.5,31.9,45.9,38.9,34.3,39.8,35.8,34.6,38.3,33.4,31.9,33.7,32.8,31.5,24.8,20.8,15.3,13.2,11
3884,29.4,26.4,23.7,34.1,28.9,25.5,29.6,26.6,25.7,28.5,24.8,23.7,25,24.4,23.4,18.4,15.5,11.4,9.8,8.2
3885,37,33.2,29.8,43,36.4,32.1,37.2,33.5,32.4,35.8,31.2,29.8,31.5,30.7,29.5,23.2,19.5,14.3,12.3,10.3
3895,636.5,601.1,511.4,671.5,596.6,538.8,602.7,554.1,549.5,588.4,532.7,517.3,500.7,549.9,539.7,438.8,354.8,304.2,237.2,215.8
3896,650.8,620.2,527.1,688.2,612.1,549.1,615.3,565.4,561.1,602.9,545.9,529.6,512.3,562.3,556.8,449.7,366.4,315,245.8,223.5
3897,749.1,700.4,602.2,806.9,709.4,637.4,718.7,657.8,648.6,699.4,628.1,607.8,599.5,641.8,627.5,506.9,412.9,344,273,244.7
3919,42,33.8,9.1,12.8,13.7,16.4,12.8,11,11,11.9,13.7,15.5,27.4,24.7,29.2,28.3,20.1,34.7,28.3,20.1
3920,99.9,81.6,27.5,37.5,38.5,43.7,36.7,32.2,32.2,34.5,37.7,41.4,66.2,61.6,71,67.6,48.5,79.1,64.2,46.4
3921,181.2,145.8,39.4,55.2,59.1,70.9,55.2,47.3,47.3,51.2,59.1,67,118.2,106.4,126.1,122.1,86.7,149.7,122.1,86.7
3922,375,304.6,93.4,130.3,134.9,156.1,128.3,110.5,110.2,119.2,132.6,147.2,248.4,224.8,262.9,252.2,180.8,301.4,246.3,176.6
3923,414.2,372.5,333.7,481.2,407.4,359.2,416.9,375.2,362.4,400.9,349.7,333.6,353.1,343.3,330.8,260.1,218.4,160.9,138.4,115.8
3924,80.4,72.3,64.8,93.5,79.2,69.8,81,72.9,70.4,77.9,67.9,64.8,68.6,66.7,64.2,50.5,42.4,31.2,26.8,22.4
3925,110.7,99.5,89.2,128.7,108.9,96.1,111.5,100.4,96.9,107.2,93.5,89.2,94.4,91.8,88.4,69.5,58.3,42.9,36.9,30.9
3970,196.4,176.6,158.3,228.3,193.3,170.5,197.9,178.1,172,190.3,165.9,158.3,167.5,162.9,156.8,123.3,103.5,76.1,65.5,54.8
3971,17.9,16.1,14.4,20.8,17.6,15.5,18,16.2,15.6,17.3,15.1,14.4,15.2,14.8,14.3,11.2,9.4,6.9,6,5
3972,0,0,0,0,0,0,0,0,0,0,0,0,0,0,0,0,0,0,0,0
3973,38.4,34.5,30.9,44.6,37.8,33.3,38.6,34.8,33.6,37.2,32.4,30.9,32.7,31.8,30.6,24.1,20.2,14.9,12.8,10.7
3974,240.8,216.5,194.1,280,237,209,242.6,218.4,210.9,233.3,203.4,194.1,205.3,199.7,192.2,151.2,126.9,93.3,80.3,67.2
3975,129,116,104,150,127,112,130,117,113,125,109,104,110,107,103,81,68,50,43,36
3976,126.6,113.8,102.1,147.2,124.6,109.9,127.6,114.8,110.9,122.7,107,102.1,108,105,101.1,79.5,66.7,49.1,42.2,35.3
3990,5.2,4.6,4.2,6,5.1,4.5,5.2,4.7,4.5,5,4.4,4.2,4.4,4.3,4.1,3.2,2.7,2,1.7,1.4
3991,0,0,0,0,0,0,0,0,0,0,0,0,0,0,0,0,0,0,0,0
3998,59.7,53.7,48.1,69.4,58.8,51.8,60.1,54.1,52.3,57.8,50.4,48.1,50.9,49.5,47.6,37.5,31.5,23.1,19.9,16.7
3999,0,0,0,0,0,0,0,0,0,0,0,0,0,0,0,0,0,0,0,0
4000,123.6,111.2,99.7,143.8,121.7,107.3,124.6,112.1,108.3,119.8,104.5,99.7,105.4,102.6,98.7,77.6,65.2,47.9,41.2,34.5
4001,219.8,197.7,177.2,255.6,216.4,190.9,221.5,199.4,192.6,213,185.8,177.2,187.5,182.4,175.5,138,115.9,85.2,73.3,61.4
4002,247.7,222.7,199.7,288,243.8,215,249.6,224.6,217,240,209.3,199.7,211.2,205.4,197.8,155.5,130.6,96,82.6,69.1
4014,72.1,64.8,58.1,83.8,71,62.6,72.6,65.4,63.1,69.8,60.9,58.1,61.5,59.8,57.6,45.3,38,27.9,24,20.1
4015,173.2,155.7,139.6,201.4,170.5,150.4,174.5,157.1,151.7,167.8,146.3,139.6,147.7,143.7,138.3,108.8,91.3,67.1,57.7,48.3
4016,224.1,201.5,180.6,260.5,220.6,194.5,225.8,203.2,196.3,217.1,189.3,180.6,191.1,185.9,178.9,140.7,118.1,86.8,74.7,62.5
4017,227,204.2,183,264,223.5,197.1,228.8,205.9,198.9,220,191.8,183,193.6,188.3,181.3,142.6,119.7,88,75.7,63.4
4018,171.5,154.2,138.3,199.4,168.8,148.9,172.8,155.5,150.2,166.2,144.9,138.3,146.2,142.3,136.9,107.7,90.4,66.5,57.2,47.9
4019,7.8,7,6.3,9.1,7.7,6.8,7.9,7.1,6.9,7.6,6.6,6.3,6.7,6.5,6.3,4.9,4.1,3,2.6,2.2
4031,0,0,0,0,0,0,0,0,0,0,0,0,0,0,0,0,0,0,0,0
4069,258,232,208,300,254,224,260,234,226,250,218,208,220,214,206,162,136,100,86,72
4088,594.7,576.5,450,504.4,494.9,490.5,504,486.3,503.9,494.9,481.2,486.3,396,548.8,526.5,468.5,342.9,356.3,243.7,248.2
4089,706.7,685,534.6,599.3,587.9,582.7,598.7,577.8,598.6,587.9,571.6,577.8,470.4,652,625.5,556.7,407.7,423.6,289.7,295
4090,300.4,291.3,227.6,254.9,250.4,248.1,254.9,245.8,254.9,250.4,243.5,245.8,200.3,277.7,266.3,236.7,173,179.8,122.9,125.2
4092,132,128,100,112,110,109,112,108,112,110,107,108,88,122,117,104,76,79,54,55
4093,519.8,504.4,393.8,441.5,433.9,429.4,440.6,425.8,440.6,433.2,421.2,424.7,346.4,479.9,460.1,409.1,299.1,311.1,212.6,216.5
4094,553.3,546.5,418.1,481.3,481.9,462,454.6,466.4,456.9,459.9,442.9,433.9,363,496.4,470.8,422.5,311.5,331.9,223.9,228.8
4095,558.8,553.4,422.1,487.8,489.9,467.3,456.8,473.1,459.5,464.3,446.5,435.4,365.8,499.1,472.6,424.7,313.5,335.3,225.8,230.8
4096,542.3,525.6,411.1,462,453,448.1,460.9,444.3,460.2,452.7,439.8,443.5,362.5,500.6,480,426.3,311.9,323.4,221.4,225.2
4097,465,467.6,350.9,417.7,424.9,393.2,370.3,404.9,373.1,386.7,367.7,348,301.6,403.1,377.6,341.9,255.1,277.8,185.4,189.6
4098,195.6,216.3,145.4,197.3,218.4,175.1,126.6,196.4,132.7,160,143.9,110.3,115.1,141.1,121.6,118.6,93.9,119.2,73.6,76.9
4099,159.6,180.7,119.2,165.7,185.7,144.3,98.5,164.7,104.1,130.6,115.9,84,92.4,110.1,93.6,92.4,74.9,97.9,59.8,62.5
4100,1823.7,1880.6,1377.2,1736.5,1791.9,1570.6,1388.7,1656.7,1386.2,1523.2,1415.9,1268,1186.3,1477.4,1377.4,1262.8,969.9,1079.7,720.2,721.8
4101,1195.8,1253.3,894.1,1146.7,1205.6,1034.9,865.6,1085.1,852.7,982.1,911.1,798.4,782.1,912.8,877.4,828.1,642.6,734.4,495.4,478.5
4102,1455.5,1528.5,1121.7,1522.6,1551.8,1280.2,1105.7,1401,1081.4,1257.8,1126.1,945.1,973.6,1112.2,1015.9,910.7,737.6,806.2,543.1,535.8
4103,285,331.3,222.8,304.7,336.5,254.1,179.5,291.6,186.5,239,211,153.5,170.6,196.6,178.2,165.2,141.2,178.3,112.4,114.8
4104,893.4,914.8,702.2,992.3,965,789,728.9,864.8,682.7,803.7,705.1,597.3,644.6,677.6,626.7,538,450.9,449.2,320.5,301.6
4105,696.1,716.1,536,687.5,693.2,599.8,548.5,638.4,540,596.2,547.4,489.1,466.1,566.5,529.1,470.6,369.4,396.3,268.9,267.6
4106,767.1,767.3,591.8,714.3,704.6,645.9,635.4,664.7,625.8,654.3,616.1,587.4,520.5,666.5,637.2,559.7,427.6,444.2,306.1,305.6
4107,123.2,129.9,102.3,114.3,111.2,99.4,104.3,101.2,102.5,107.5,102.4,100.3,85.6,111.1,115.7,95.1,76.5,77.8,55.4,54.4
4108,5.6,14.9,13,13,11.2,1.9,5.6,3.7,3.7,9.3,7.4,5.6,7.4,3.7,13,3.7,9.3,7.4,7.4,5.6
4109,7,10,7,4,1,4,4,3,9,4,11,5,7,10,6,2,7,1,3,4
4110,7,10,7,4,1,4,4,3,9,4,11,5,7,10,6,2,7,1,3,4
4111,7,10,7,4,1,4,4,3,9,4,11,5,7,10,6,2,7,1,3,4
4112,7,10,7,4,1,4,4,3,9,4,11,5,7,10,6,2,7,1,3,4
4169,258,232,208,300,254,224,260,234,226,250,218,208,220,214,206,162,136,100,86,72
4170,258,232,208,300,254,224,260,234,226,250,218,208,220,214,206,162,136,100,86,72
4171,227.8,204.8,183.6,264.8,224.2,197.7,229.5,206.6,199.5,220.7,192.4,183.6,194.2,188.9,181.8,143,120.1,88.3,75.9,63.6
4172,92.7,83.3,74.7,107.8,91.2,80.5,93.4,84.1,81.2,89.8,78.3,74.7,79,76.9,74,58.2,48.9,35.9,30.9,25.9
4173,0.1,0.1,0.1,0.1,0.1,0.1,0.1,0.1,0.1,0.1,0.1,0.1,0.1,0.1,0.1,0.1,0,0,0,0
4174,0,0,0,0,0,0,0,0,0,0,0,0,0,0,0,0,0,0,0,0
4175,0,0,0,0,0,0,0,0,0,0,0,0,0,0,0,0,0,0,0,0
4176,0,0,0,0,0,0,0,0,0,0,0,0,0,0,0,0,0,0,0,0
4177,767.2,764.5,557,621.4,629.6,627.6,605.2,561.6,544.5,592.7,595.4,612.8,566.8,595.8,678.3,664.3,496.4,518.1,393.2,354.1
4178,694.6,672.8,526.7,592.4,580.3,573.9,590.9,569.1,589.6,580.1,563.3,568.2,464.8,641,614.8,545.7,399.4,413.6,283.4,288.1
4179,178.3,176,135.7,154.7,153.8,148.1,148.1,148.8,148.4,148.8,143.6,141.9,118,161.4,154.5,137.5,101.7,107.3,72.9,74.2
4180,47,63.1,48.7,56.1,55.4,36.2,36.7,41.3,34.5,45.9,40.9,34.4,35.3,36.7,48.1,32.1,34.3,34.7,26.5,24.1
4181,1106.1,1067.5,815.1,934.6,926.7,915,899.7,866.4,858.2,894.4,875.7,890.5,777,940.6,969.7,902.6,663,695.3,499.3,462.5
4182,1756.8,1706.5,1316.4,1616.6,1576.6,1479.2,1448.7,1454.4,1362.8,1468.9,1393.4,1362.9,1261.9,1450.1,1464.1,1336.5,1011.2,1032.4,748.7,688.2
4183,1906,1915.9,1476.1,1966.2,1916.3,1651,1568.8,1750.5,1490,1671.7,1512.7,1358.9,1354,1524.6,1440.8,1260.8,1007.4,1017.3,721.1,687.4
4184,740.8,795.2,575.1,725.2,758.5,637.2,547.5,687.1,552.7,624.3,575.1,497.5,473.9,589.9,556.2,499,396.9,450.7,298,301.2
4185,886.4,895,713.6,976.6,920,767.4,765.4,825.6,707.4,810.9,718.4,639.8,664.7,704.1,679.2,561.2,472.3,443.8,329.5,304.5
4186,512.3,531,411.7,531.1,516.8,436.7,424,465.7,405.3,455.1,412.9,372.2,363.9,418,408.3,343.5,282.5,284.3,202.6,194.5
4187,231.1,242.1,183.6,214.2,216,191.9,185.3,199,185.1,196.6,186.1,175.4,153.4,200.3,198,170.8,133.9,143.3,98.1,98.4
4188,25.4,34.7,28.9,32.4,29.6,18.4,22.8,20.8,20.2,26.8,23.7,21.1,21.7,20.9,30,18,20.6,18.5,15.4,13.3
4189,1064.3,1048.5,856.3,1166.1,1073.7,916.6,953.9,972,871.3,980.4,872.2,799.1,819.1,863.6,839.2,688.9,574.4,517.2,394.1,359.7
4190,173.9,186.9,149.4,169.9,162.3,139.5,150.1,143.6,144.6,155.9,146.5,141.9,125.4,154.8,166.2,131.6,110.3,108.7,79.6,76.4
4191,590.8,583.5,478.9,605.5,558.1,495.5,533,512.4,497.6,535.7,490.4,470.5,444.6,509.6,507.5,415.7,337.3,311.2,233.1,218.4
4192,21.5,30.4,26.3,31.1,27.1,15.4,20.8,18,17.3,24.5,20.9,18.2,20.4,16.9,26.4,14.1,18.2,14.8,13.4,10.8
4210,0,0,0,0,0,0,0,0,0,0,0,0,0,0,0,0,0,0,0,0
4211,0,0,0,0,0,0,0,0,0,0,0,0,0,0,0,0,0,0,0,0
4212,0,0,0,0,0,0,0,0,0,0,0,0,0,0,0,0,0,0,0,0
4213,0,0,0,0,0,0,0,0,0,0,0,0,0,0,0,0,0,0,0,0
4214,4.1,3.7,3.3,4.8,4.1,3.6,4.2,3.7,3.6,4,3.5,3.3,3.5,3.4,3.3,2.6,2.2,1.6,1.4,1.2
4215,9.9,8.9,8,11.5,9.8,8.6,10,9,8.7,9.6,8.4,8,8.5,8.2,7.9,6.2,5.2,3.8,3.3,2.8
4216,247.2,222.3,199.3,287.5,243.4,214.6,249.1,224.2,216.5,239.5,208.9,199.3,210.8,205.1,197.4,155.2,130.3,95.8,82.4,69
4217,563.1,506.4,454,654.8,554.4,488.9,567.5,510.7,493.3,545.7,475.8,454,480.2,467.1,449.6,353.6,296.8,218.3,187.7,157.1
4218,590.5,531,476.1,686.7,581.4,512.7,595.1,535.6,517.3,572.2,499,476.1,503.6,489.8,471.5,370.8,311.3,228.9,196.8,164.8
4234,132,128,100,112,110,109,112,108,112,110,107,108,88,122,117,104,76,79,54,55
4235,112,108.6,84.9,95,93.3,92.5,95,91.6,95,93.3,90.8,91.6,74.7,103.5,99.3,88.3,64.5,67,45.8,46.7
4236,210.3,203.9,159.3,178.4,175.2,173.6,178.4,172,178.4,175.2,170.4,172,140.2,194.3,186.4,165.7,121.1,125.9,86,87.6
4237,506,489.4,384.2,434.9,424.3,418.6,432.1,415.6,429.8,424.1,410.8,413.8,340.6,466,446.9,395.8,290.5,299.1,205.6,208.4
4238,952,914.2,716.1,819.7,797,787.9,808.2,768.2,787.6,792.1,768.2,778.6,658.4,853.3,840.1,754.7,555,568.1,400.1,389.8
4239,176.4,168.2,122.4,133.2,136.5,142.4,131.4,116.5,114.3,130.1,134.2,145.6,133.6,132.2,163.4,165.2,120,129.5,99.5,80.2
4240,171.2,159.5,111.1,119.1,125.7,137.3,118.2,99.4,93.6,116.7,125.2,141.6,136.7,113.2,160.2,173.6,124.1,136.6,109,80.4
4241,427.2,396.6,292.8,328.6,331.8,350.2,328.5,295.8,291.8,320.1,326.2,350.7,318.8,330.5,382.3,386.7,275.9,294.7,223.4,184.6
4242,289.8,262.3,180.4,193.9,206.9,234.4,198.3,167.3,157.1,192.7,209.1,239,229.4,191,265.1,295.9,206.2,229.4,181.9,133.9
4243,793.9,748.9,589.1,743.5,704.1,668.3,670.4,635.6,600.6,665.8,629.9,629.3,608.8,630.8,668.2,616,468.8,457.8,350.9,299.6
4254,6,15.9,13.9,13.9,11.9,2.1,6,4,4,9.9,8,6,7.9,4,13.9,4,9.9,8,7.9,6
4258,7,10,7,4,1,4,4,3,9,4,11,5,7,10,6,2,7,1,3,4
4259,7,10,7,4,1,4,4,3,9,4,11,5,7,10,6,2,7,1,3,4
4260,7,10,7,4,1,4,4,3,9,4,11,5,7,10,6,2,7,1,3,4
4262,0,0,0,0,0,0,0,0,0,0,0,0,0,0,0,0,0,0,0,0
4263,0,0,0,0,0,0,0,0,0,0,0,0,0,0,0,0,0,0,0,0
4264,0,0,0,0,0,0,0,0,0,0,0,0,0,0,0,0,0,0,0,0
4265,0,0,0,0,0,0,0,0,0,0,0,0,0,0,0,0,0,0,0,0
4270,0,0,0,0,0,0,0,0,0,0,0,0,0,0,0,0,0,0,0,0
4271,5.2,4.6,4.2,6,5.1,4.5,5.2,4.7,4.5,5,4.4,4.2,4.4,4.3,4.1,3.2,2.7,2,1.7,1.4
4272,55.7,50,44.9,64.7,54.8,48.3,56.1,50.5,48.8,53.9,47,44.9,47.5,46.2,44.4,34.9,29.3,21.6,18.6,15.5
4273,81.8,73.5,65.9,95.1,80.5,71,82.4,74.2,71.6,79.3,69.1,65.9,69.7,67.8,65.3,51.4,43.1,31.7,27.3,22.8
4274,326.5,293.6,263.2,379.7,321.5,283.5,329.1,296.1,286,316.4,275.9,263.2,278.4,270.8,260.7,205,172.1,126.6,108.8,91.1
4275,340.7,306.4,274.7,396.2,335.5,295.8,343.4,309,298.5,330.2,287.9,274.7,290.6,282.6,272.1,214,179.6,132.1,113.6,95.1
4276,136.8,123,110.3,159.1,134.7,118.8,137.9,124.1,119.8,132.6,115.6,110.3,116.7,113.5,109.2,85.9,72.1,53,45.6,38.2
4277,368.6,331.4,297.2,428.6,362.9,320,371.4,334.3,322.9,357.2,311.4,297.2,314.3,305.7,294.3,231.4,194.3,142.9,122.9,102.9
4278,440.3,395.9,354.9,511.9,433.4,382.3,443.7,399.3,385.7,426.6,372,354.9,375.4,365.2,351.5,276.4,232.1,170.6,146.8,122.9
4279,9.4,8.4,7.5,10.9,9.2,8.1,9.4,8.5,8.2,9.1,7.9,7.5,8,7.8,7.5,5.9,4.9,3.6,3.1,2.6
4280,19.2,17.3,15.5,22.3,18.9,16.7,19.4,17.4,16.8,18.6,16.2,15.5,16.4,15.9,15.3,12.1,10.1,7.4,6.4,5.4
4281,108.3,97.4,87.3,125.9,106.6,94,109.1,98.2,94.8,104.9,91.5,87.3,92.3,89.8,86.4,68,57.1,42,36.1,30.2
4282,254.1,228.5,204.9,295.5,250.2,220.6,256.1,230.5,222.6,246.2,214.7,204.9,216.7,210.8,202.9,159.6,133.9,98.5,84.7,70.9
4283,258,232,208,300,254,224,260,234,226,250,218,208,220,214,206,162,136,100,86,72
4335,108.7,122.8,80.5,112.7,126.8,98.6,66.4,112.7,70.4,88.6,78.5,56.4,62.4,74.5,62.4,62.4,50.3,66.4,40.3,42.3
4336,54,61,40,56,63,49,33,56,35,44,39,28,31,37,31,31,25,33,20,21
4337,54,61,40,56,63,49,33,56,35,44,39,28,31,37,31,31,25,33,20,21
4338,108,122,80,112,126,98,66,112,70,88,78,56,62,74,62,62,50,66,40,42
4339,105.4,119,78,109.3,122.9,95.6,64.4,109.3,68.3,85.9,76.1,54.6,60.5,72.2,60.5,60.5,48.8,64.4,39,41
4340,99.4,112.2,73.6,103,115.9,90.2,60.7,103,64.4,81,71.8,51.5,57,68.1,57,57,46,60.7,36.8,38.6
4341,108,122,80,112,126,98,66,112,70,88,78,56,62,74,62,62,50,66,40,42
4342,148.9,167,110.6,155.1,172.8,134.9,93,153.7,97.7,122.1,108.2,78.7,86.9,102.8,86.6,85.8,69.3,89.8,55,57.3
4343,149.7,167.9,111.2,155.8,173.7,135.6,93.5,154.5,98.2,122.7,108.7,79.1,87.3,103.3,87.1,86.2,69.6,90.3,55.2,57.6
4344,147.1,152.8,112.7,159.8,161,131.2,112.8,145,108.5,128.8,113.3,92.9,100.5,109.1,97.4,87.5,71.8,76.9,52.3,50.8
4345,204,213.2,156,220.9,224.4,182.2,154.3,201.8,149.2,177.7,156.5,127.3,137.9,150.6,133.9,121.1,99.2,108,72.8,71.1
4346,182.4,169,145.7,209.5,183.5,159.2,175.4,168.2,155,173.5,151.6,141,149.7,148.3,140.9,113.4,94.8,75.5,61.6,53.3
4347,314.7,307.6,253.5,359.6,328,274.6,284.9,295.2,256.5,294.7,257.6,231,247.3,248.8,238.2,193.3,164.5,143.3,111.2,99.1
4348,319.8,320.6,258.4,364.4,339,279.1,280.4,302.6,255.1,297,259.7,228.4,245.7,249.2,239.2,195.3,167.4,152.2,115.4,104.4
4349,234.7,242.2,187.6,263.5,254.3,206.1,193.6,226.1,180.2,213.2,186.8,158.8,171.7,178.5,168.6,141.7,120.8,118.5,85.8,79.9
4350,186.1,185.4,151.3,213.3,196.3,162,166.1,175.1,150.1,174.2,152.2,135.1,145.2,146.1,141.3,114.1,98.2,87.2,67.2,60.1
4379,172.3,194.6,127.6,178.7,201,156.3,105.3,178.7,111.7,140.4,124.4,89.3,98.9,118.1,98.9,98.9,79.8,105.3,63.8,67
4380,108,122,80,112,126,98,66,112,70,88,78,56,62,74,62,62,50,66,40,42
4381,77.8,87.9,57.7,80.7,90.8,70.6,47.6,80.7,50.5,63.4,56.2,40.4,44.7,53.3,44.7,44.7,36,47.6,28.8,30.3
4382,90.2,101.9,66.8,93.5,105.2,81.8,55.1,93.5,58.4,73.5,65.1,46.8,51.8,61.8,51.8,51.8,41.7,55.1,33.4,35.1
4383,42.2,47.7,31.3,43.8,49.3,38.3,25.8,43.8,27.4,34.4,30.5,21.9,24.2,28.9,24.2,24.2,19.6,25.8,15.6,16.4
4384,87.8,99.2,65,91,102.4,79.7,53.6,91,56.9,71.5,63.4,45.5,50.4,60.1,50.4,50.4,40.6,53.6,32.5,34.1
4385,107.2,121.1,79.4,111.2,125.1,97.3,65.5,111.2,69.5,87.4,77.4,55.6,61.6,73.5,61.6,61.6,49.6,65.5,39.7,41.7
4386,108,122,80,112,126,98,66,112,70,88,78,56,62,74,62,62,50,66,40,42
4387,164.7,182.6,123,172.7,189.4,148.9,106.6,168.9,110.2,136.5,120.8,89.7,98.7,115,97.9,95.4,77.2,97.3,60.4,62.4
4388,307.2,318.5,235.6,334.1,335.8,273.9,236.8,302.4,227.3,269.4,237,194.9,210.8,228.3,204.1,183,150.2,160,109.2,105.9
4389,94.7,99.5,72.3,102.3,104.6,84.7,70.8,94,68.8,82.2,72.4,58.5,63.5,69.6,61.7,56.1,46,50.6,33.9,33.3
4390,11.8,12.3,9,12.7,13,10.5,8.8,11.7,8.5,10.2,9,7.3,7.9,8.6,7.7,7,5.7,6.3,4.2,4.1
4391,274.2,269.3,214.6,306.4,287.9,241.9,237.1,261.5,217.6,250.4,219.5,192.6,206.2,213.1,196.7,166.8,138.2,128.4,95.1,87.4
4392,313,305.7,245.5,350.8,327.4,275.9,273.7,297.6,250.2,287.1,251.6,222.1,237.6,244.5,226.3,190.9,158.3,144.9,108.2,98.9
4393,226.6,228.7,175.7,250,242.8,201,185.5,219.6,173.9,203,178.3,151.6,163.2,172.4,156.8,136.5,112.6,112,79.6,75.1
4394,183,177,144,206,190,161,163,173,148,169,148,132,141,144,134,112,93,83,63,57
4395,183.4,178,144.9,206.9,190.7,161.1,163.4,173.2,148.2,169.6,148.5,132.4,141.5,144.2,134.9,112.2,93.6,83.5,63.5,57.4
4397,314.1,304.4,258.9,365.8,324.3,271.6,296.6,290,262.5,300.7,262.1,239.9,256.7,252.3,248.5,194.8,169,138.5,112.4,97.4
4424,188.5,191.7,156.9,218.9,201,162.8,168.5,176.7,151.7,178.2,155.4,137.5,148.4,147.7,146.9,115.7,102.2,90.4,70.4,62.5
4425,5.2,7.4,5.2,2.9,0.7,2.9,2.9,2.2,6.6,2.9,8.1,3.7,5.2,7.4,4.4,1.5,5.2,0.7,2.2,2.9
4426,6.8,9.6,6.8,3.9,1,3.9,3.9,2.9,8.7,3.9,10.6,4.8,6.8,9.6,5.8,1.9,6.8,1,2.9,3.9
4427,7,10,7,4,1,4,4,3,9,4,11,5,7,10,6,2,7,1,3,4
4431,151.1,135.8,121.3,172.9,146.5,128.6,150.8,137,131.5,146.3,127.1,121.1,129.3,126.8,122.1,96.8,82.1,60.8,52.4,44.7
4432,51.4,45.9,36.7,33.1,29.4,18.4,38.6,47.8,36.7,49.6,38.6,34.9,49.6,58.8,57,53.3,53.3,44.1,38.6,40.4
4602,1142.6,1134,847.6,1000.8,999.2,942.8,904.3,971,909.4,928.9,885.2,867.5,729.5,985.6,933.6,855.6,649.9,697.8,470.8,481.4
4603,895.3,923.4,667.8,825,859,763.3,669.6,808.3,682.1,733.5,687.1,623.4,559.7,735.4,677.1,628.6,479.7,543.8,355.8,366.4
4604,159.3,179.9,118,165.1,185.8,144.5,97.3,165.1,103.2,129.8,115,82.6,91.4,109.1,91.4,91.4,73.7,97.3,59,61.9
4605,113.9,127.6,84.2,116.9,130.6,102.6,70.7,116.7,74.6,92.6,82.4,60.7,65.7,79,66.9,66.6,53.6,69.7,42.6,44.6
4606,54,61,40,56,63,49,33,56,35,44,39,28,31,37,31,31,25,33,20,21
4607,113.7,128.4,84.2,117.9,132.6,103.1,69.5,117.9,73.7,92.6,82.1,58.9,65.2,77.9,65.2,65.2,52.6,69.5,42.1,44.2
4615,1071.1,1038,807.5,908.3,889.4,880.5,902.7,875.7,902.3,887.3,861.5,872.6,709.9,982.5,943.1,842.1,619.9,644.1,440.9,449
4616,631.2,632,476.1,559,567.5,531.4,506.1,543.7,510.7,523.7,500.7,479.2,409.3,553.7,520.7,470.7,349.4,379.4,253.4,259.6
4617,153.5,166.1,114.5,150.6,163.9,135.6,104.6,149.2,108.6,125.9,114.9,93.2,92.3,116,102.3,97.8,76.2,93.2,58.6,61
4618,54,61,40,56,63,49,33,56,35,44,39,28,31,37,31,31,25,33,20,21
4619,54,61,40,56,63,49,33,56,35,44,39,28,31,37,31,31,25,33,20,21
4620,119.2,134.6,88.3,123.6,139,108.1,72.8,123.6,77.2,97.1,86.1,61.8,68.4,81.6,68.4,68.4,55.2,72.8,44.1,46.3
4623,252.3,226.9,203.4,293.4,248.4,219.1,254.3,228.9,221,244.5,213.2,203.4,215.2,209.3,201.5,158.4,133,97.8,84.1,70.4
4624,121.5,109.3,98,141.3,119.6,105.5,122.5,110.2,106.4,117.8,102.7,98,103.6,100.8,97,76.3,64.1,47.1,40.5,33.9
4658,289.1,258.3,222.6,320.9,272.9,242.5,278.8,250.7,242.3,267.9,235,225.3,242.9,235.5,229,182.3,151.5,119.8,102.4,84.2
4659,190.2,171.6,152.3,217,185,164.2,189.3,170.9,165.7,182.2,159.8,153,160,158.5,152.7,121.1,100.7,76.3,64.5,54.7
4660,2,1.8,1.6,2.3,1.9,1.7,2,1.8,1.7,1.9,1.7,1.6,1.7,1.6,1.6,1.2,1,0.8,0.7,0.6
4661,18.8,16.9,15.1,21.8,18.5,16.3,18.9,17,16.4,18.2,15.8,15.1,16,15.6,15,11.8,9.9,7.3,6.3,5.2
4662,23.6,21.2,19,27.5,23.3,20.5,23.8,21.4,20.7,22.9,20,19,20.1,19.6,18.9,14.8,12.5,9.2,7.9,6.6
4663,47,42.3,37.9,54.7,46.3,40.8,47.4,42.6,41.2,45.5,39.7,37.9,40.1,39,37.5,29.5,24.8,18.2,15.7,13.1
4664,24.8,22.3,20,28.8,24.4,21.5,25,22.5,21.7,24,21,20,21.2,20.6,19.8,15.6,13.1,9.6,8.3,6.9
4665,43.8,39.5,35.2,50.4,42.8,37.9,43.8,39.6,38.3,42.2,36.9,35.3,37,36.5,35.1,27.8,23.2,17.3,14.7,12.5
4666,263.8,239.1,211.4,298.4,255.7,227.9,261.6,236.9,230.3,252,222,213,220,221.3,212.9,169.9,140.3,107.8,89.9,77.3
4667,387,348,312,450,381,336,390,351,339,375,327,312,330,321,309,243,204,150,129,108
4668,387,348,312,450,381,336,390,351,339,375,327,312,330,321,309,243,204,150,129,108
4669,458.6,412.4,369.7,533.2,451.5,398.1,462.1,415.9,401.7,444.4,387.5,369.7,391,380.4,366.2,287.9,241.7,177.7,152.9,128
4670,175.9,158.2,141.8,204.5,173.2,152.7,177.3,159.5,154.1,170.5,148.6,141.8,150,145.9,140.5,110.5,92.7,68.2,58.6,49.1
4671,516.4,464.4,416.3,600.3,508.3,448.3,520.3,468.3,452.3,500.3,436.3,416.3,440.3,428.4,412.4,324.3,272.2,200.2,172.2,144.2
4672,1027.7,932.9,822.5,1155.8,992.9,887,1015.8,921,896.8,978.9,864.1,830,853.1,864.3,831.5,665.3,547.8,424.6,352,304
4673,548.9,505,434.7,587.4,515.9,469.7,527.4,483.5,476.4,509.9,458.3,444.5,437.9,470.7,452.5,370.6,297.2,246.9,195.2,175.5
4771,0,0,0,0,0,0,0,0,0,0,0,0,0,0,0,0,0,0,0,0
4772,0,0,0,0,0,0,0,0,0,0,0,0,0,0,0,0,0,0,0,0
4773,0,0,0,0,0,0,0,0,0,0,0,0,0,0,0,0,0,0,0,0
4774,0,0,0,0,0,0,0,0,0,0,0,0,0,0,0,0,0,0,0,0
4775,0,0,0,0,0,0,0,0,0,0,0,0,0,0,0,0,0,0,0,0
4776,0,0,0,0,0,0,0,0,0,0,0,0,0,0,0,0,0,0,0,0
4790,0,0,0,0,0,0,0,0,0,0,0,0,0,0,0,0,0,0,0,0
4791,0,0,0,0,0,0,0,0,0,0,0,0,0,0,0,0,0,0,0,0
4792,2.2,2.4,1.6,2.2,2.5,2,1.3,2.2,1.4,1.8,1.6,1.1,1.2,1.5,1.2,1.2,1,1.3,0.8,0.8
4793,10.9,12.4,8.1,11.3,12.8,9.9,6.7,11.3,7.1,8.9,7.9,5.7,6.3,7.5,6.3,6.3,5.1,6.7,4.1,4.3
4794,82.3,93,61,85.4,96.1,74.7,50.3,85.4,53.4,67.1,59.5,42.7,47.3,56.4,47.3,47.3,38.1,50.3,30.5,32
4822,97,108.3,72.2,101.2,112.2,87.8,61.3,99.9,64,79.8,70.7,51.8,57.1,67.2,56.8,55.9,45.2,58.1,35.7,37.1
4823,45.9,51.4,34.1,47.8,53.2,41.6,28.8,47.4,30.2,37.7,33.4,24.3,26.9,31.7,26.8,26.4,21.4,27.6,16.9,17.7
4824,228.7,223.4,179.3,256.2,239.2,201.6,199.9,217.4,182.8,209.7,183.8,162.2,173.5,178.6,165.3,139.4,115.6,105.9,79.1,72.3
4825,323.3,314.6,253.8,362.9,337.2,284.7,284.7,306.7,259.6,297.3,260.4,230.8,246.8,253.2,234.9,197.4,163.8,148.5,111.6,101.6
4826,144.2,154,109.4,154.4,161.2,129.3,103.5,144.5,102.3,123.5,108.9,86,93.6,104.4,91.5,84.9,69.3,79.4,52,51.8
4827,125.8,123.2,98.5,140.8,131.8,110.9,109.4,119.8,100.2,115.1,100.9,88.8,95.1,98,90.6,76.6,63.5,58.5,43.6,39.9
4828,180,163.9,144.6,208.3,178.8,156.6,178,164.4,155.7,173.1,151.1,142.7,151.1,148.1,141.8,112.6,94.3,71.7,60.3,51.2
4829,419.1,384.3,335.8,483.3,418.5,365.1,409.6,384.3,359.8,401.2,350.2,328.6,348.4,343,327.4,261.4,218.9,169.6,140.9,120.5
4830,270.7,246.3,217.4,313.1,268.8,235.5,267.7,247.1,234.2,260.3,227.2,214.6,227.3,222.7,213.3,169.3,141.9,107.7,90.7,76.9
4831,303.1,283,241.4,346.8,306.7,265,287.6,280.8,255.3,286.8,250.6,231.4,245.9,244.9,231.9,187.9,156.9,127.6,102.7,89.6
4832,299.5,278.8,238.7,343,302.4,261.6,285.3,277,252.9,283.8,247.9,229.5,243.8,242.4,229.8,185.8,155.2,125.3,101.4,88.1
4833,472.3,444.4,375.2,538.5,480.5,413.4,442.1,439.5,394.3,444.5,388.6,356.2,379,379.5,358,292,243.5,202.1,160.6,141.2
4834,366,354,288,412,380,322,326,346,296,338,296,264,282,288,268,224,186,166,126,114
4835,310.5,291.3,246.9,354.4,315.3,271.6,292.1,288.4,260,292.8,255.9,235.2,250.1,250,236.1,192.1,160.3,132.1,105.4,92.4
4836,183,177,144,206,190,161,163,173,148,169,148,132,141,144,134,112,93,83,63,57
4837,357.1,345.7,281,401.9,371,314.3,317.7,337.8,288.6,329.6,288.7,257.3,274.9,280.9,261.3,218.5,181.4,162.2,123,111.4
4844,0,0,0,0,0,0,0,0,0,0,0,0,0,0,0,0,0,0,0,0
4845,0,0,0,0,0,0,0,0,0,0,0,0,0,0,0,0,0,0,0,0
4846,122.4,114,96.5,115.9,105.3,98.4,99.5,115.1,111.3,107.5,98.8,111,113.1,122.4,105.9,90.3,68.3,62.8,56.9,46.5
4847,21.9,20.1,17.2,21.3,18.9,16.9,18.8,20.3,19.2,20,17.7,18.7,19.9,21.2,19.1,16.2,13.2,11.3,10.1,8.7
4848,10.1,11,7,10.1,10.7,8.5,5.9,10,6.1,7.6,6.6,5.3,5.4,6.4,5.6,6,5.3,6.6,4.2,4.3
4849,256.1,230.3,206.4,297.7,252.1,222.3,258,232.2,224.3,248.1,216.4,206.4,218.3,212.4,204.5,160.8,135,99.2,85.4,71.5
4850,7.6,6.9,6.2,8.9,7.5,6.6,7.7,6.9,6.7,7.4,6.4,6.2,6.5,6.3,6.1,4.8,4,3,2.5,2.1
4851,28.6,26,22.9,32,27.6,24.7,28.2,25.6,25,27.2,24.1,23.1,23.7,24.1,23.2,18.6,15.3,12,9.9,8.6
4852,13.4,12,10.8,15.6,13.2,11.6,13.5,12.1,11.7,13,11.3,10.8,11.4,11.1,10.7,8.4,7.1,5.2,4.5,3.7
4853,285.1,257,229.5,327.5,278.4,246.4,283.6,259.2,250.4,274.5,240.2,231.8,244.5,239.7,228.9,181.1,150.8,112.8,97.5,81.4
4854,387,348,312,450,381,336,390,351,339,375,327,312,330,321,309,243,204,150,129,108
4855,258,232,208,300,254,224,260,234,226,250,218,208,220,214,206,162,136,100,86,72
4856,803.2,724.3,646.1,924.8,786.3,696.1,804.8,725.9,702.8,774.3,677.7,647.9,679.5,669,643.9,509,424.8,317.5,269.9,228.2
4857,1286.5,1174.7,1024.8,1415.9,1228,1106.1,1255.9,1144.2,1119.9,1212,1078.3,1040.2,1049.6,1091.2,1049.5,848.5,690.5,552.3,448.1,394
4858,1355,1250.3,1070.4,1433.5,1265.7,1157.2,1293.5,1188.8,1174.5,1251.7,1129.4,1097.8,1071.3,1166.8,1121.6,923.1,736.2,620.5,485.9,440.3
4859,783,732,612,786,711,663,726,675,675,705,648,636,594,687,660,555,432,387,291,273
4860,522,488,408,524,474,442,484,450,450,470,432,424,396,458,440,370,288,258,194,182
4879,0,0,0,0,0,0,0,0,0,0,0,0,0,0,0,0,0,0,0,0
4880,295.8,266.6,238.1,339.9,288.9,255.7,294.4,268.9,259.8,284.9,249.2,240.4,253.6,248.5,237.4,187.8,156.4,117,101,84.4
4881,104.9,95,84.3,117.9,101,90,102,95.8,92.6,99.9,87.9,86.6,90.8,90.2,85,67.9,55.8,43,37.4,31.1
4882,73.5,67.8,61.4,86.3,72.3,64.9,74.3,66.9,65.3,70.6,62.6,60.6,63.9,62.8,59.8,47.6,39.6,30,26,21.1
4883,219,197.3,177,255.1,215.8,190.5,221,198.7,192,212.2,185.2,176.7,186.9,181.8,175,137.7,115.6,85,73.2,61.1
4884,258,232,208,300,254,224,260,234,226,250,218,208,220,214,206,162,136,100,86,72
4885,387,348,312,450,381,336,390,351,339,375,327,312,330,321,309,243,204,150,129,108
4886,466.9,419.9,376.4,542.9,459.7,405.4,470.5,423.5,409,452.4,394.5,376.4,398.2,387.3,372.8,293.2,246.1,181,155.6,130.3
4896,0,0,0,0,0,0,0,0,0,0,0,0,0,0,0,0,0,0,0,0
4897,0,0,0,0,0,0,0,0,0,0,0,0,0,0,0,0,0,0,0,0
4898,0.9,0.8,0.7,1,0.9,0.8,0.9,0.8,0.8,0.9,0.8,0.7,0.8,0.7,0.7,0.6,0.5,0.3,0.3,0.2
4901,410.7,370,330.8,473.2,401.9,355.4,409.9,373.2,360.5,396.1,346.3,333.3,351.7,344.2,329.3,260.1,217,161.7,139.6,116.6
4902,20.9,19.5,16.5,19.5,17.8,16.8,16.7,19.7,19.1,18.2,16.8,19.2,19.4,21.1,18.1,15.5,11.6,10.9,9.9,8
4903,10.1,9.9,9.3,12.9,10.3,9.6,11,9.2,9.2,9.8,8.9,8.5,9,8.8,8.5,6.7,5.7,4.3,3.8,2.8
4904,56.9,52.3,47.6,67.8,56.6,50.5,58.5,51.6,50.4,55.1,48.6,46.4,49.1,47.7,46,36.3,30.5,22.6,19.5,15.9
4905,258,232,208,300,254,224,260,234,226,250,218,208,220,214,206,162,136,100,86,72
4906,516,464,416,600,508,448,520,468,452,500,436,416,440,428,412,324,272,200,172,144
4907,395.6,355.8,319,460,389.5,343.5,398.7,358.8,346.6,383.4,334.3,319,337.4,328.2,315.9,248.4,208.5,153.3,131.9,110.4
4908,388,348.9,312.8,451.2,382,336.9,391,351.9,339.9,376,327.9,312.8,330.9,321.8,309.8,243.6,204.5,150.4,129.3,108.3
4953,2.3,2.6,1.7,2.4,2.6,2.1,1.4,2.4,1.5,1.8,1.6,1.2,1.3,1.6,1.3,1.3,1,1.4,0.8,0.9
4954,6.6,7.5,4.9,6.9,7.7,6,4.1,6.9,4.3,5.4,4.8,3.4,3.8,4.5,3.8,3.8,3.1,4.1,2.5,2.6
4955,0.1,0.1,0,0.1,0.1,0.1,0,0.1,0,0,0,0,0,0,0,0,0,0,0,0
4956,13.6,15.4,10.1,14.1,15.9,12.3,8.3,14.1,8.8,11.1,9.8,7.1,7.8,9.3,7.8,7.8,6.3,8.3,5,5.3
4957,79.6,90,59,82.6,92.9,72.3,48.7,82.6,51.6,64.9,57.5,41.3,45.7,54.6,45.7,45.7,36.9,48.7,29.5,31
4958,457.3,516.5,338.7,474.2,533.5,414.9,279.4,474.2,296.4,372.6,330.2,237.1,262.5,313.3,262.5,262.5,211.7,279.4,169.4,177.8
4959,29.6,33.4,21.9,30.7,34.5,26.9,18.1,30.7,19.2,24.1,21.4,15.3,17,20.3,17,17,13.7,18.1,11,11.5
4960,0,0,0,0,0,0,0,0,0,0,0,0,0,0,0,0,0,0,0,0
4961,0,0,0,0,0,0,0,0,0,0,0,0,0,0,0,0,0,0,0,0
4962,1.3,1.4,0.9,1.3,1.5,1.2,0.8,1.3,0.8,1,0.9,0.7,0.7,0.9,0.7,0.7,0.6,0.8,0.5,0.5
4963,147.3,166.4,109.1,152.8,171.8,133.7,90,152.8,95.5,120,106.4,76.4,84.6,100.9,84.6,84.6,68.2,90,54.6,57.3
4964,144.2,162.9,106.8,149.5,168.2,130.8,88.1,149.5,93.5,117.5,104.1,74.8,82.8,98.8,82.8,82.8,66.8,88.1,53.4,56.1
4965,160.4,179.6,119.2,167.1,185.9,145.2,100.7,165.4,105.5,131.7,116.6,85.1,93.9,110.8,93.6,92.4,74.7,96.5,59.1,61.6
4966,50.6,57.2,37.5,52.5,59.1,45.9,30.9,52.5,32.8,41.3,36.6,26.3,29.1,34.7,29.1,29.1,23.4,30.9,18.8,19.7
4967,163.8,170.4,125.5,177.8,179.5,146.1,125.3,161.6,120.6,143.2,126.1,103.2,111.7,121.4,108.3,97.4,79.9,85.9,58.3,56.7
4968,325,317.1,254.9,364.3,339.6,286.4,284.7,308.8,260.1,298.3,261.4,231,247,254,235.3,198.3,164.4,150.1,112.3,102.6
4969,400.1,406,309.5,440.1,430.4,355.2,323.7,389,304.8,356.8,313.5,264.9,285.4,303,274.5,240.5,198.1,199.9,140.8,133.7
4970,128.3,130.6,99.1,140.8,138.4,114,103,125,97.3,114.1,100.3,84.3,90.9,96.8,87.5,77,63.4,64.5,45.2,43.1
4971,205.7,191.4,164,235.7,207.6,179.7,196.3,190.2,173.9,195.1,170.4,157.9,167.7,166.6,158,127.7,106.7,85.9,69.6,60.5
4972,305,285.3,242.7,348.6,309,266.7,288.3,282.8,256.2,288.1,251.8,232.1,246.7,246,232.7,188.9,157.7,128.9,103.4,90.4
4973,301.2,280.8,240,344.8,304.4,263.2,286.4,278.8,254,285.2,249.2,230.4,244.8,243.6,230.8,186.8,156,126.4,102,88.8
4974,309.2,289.8,245.9,353.1,313.7,270.4,291.3,287.1,259.2,291.7,254.9,234.5,249.4,249.1,235.4,191.4,159.7,131.3,104.9,91.9
4975,183,177,144,206,190,161,163,173,148,169,148,132,141,144,134,112,93,83,63,57
4976,308,288.5,245.1,351.9,312.4,269.4,290.6,285.9,258.4,290.8,254.1,233.9,248.7,248.3,234.7,190.7,159.2,130.6,104.5,91.5
4977,494.2,469.1,391.4,561.2,506.1,433.3,455.5,462.2,408.5,462.4,404.4,367.6,391.5,394.5,370.5,304.5,253.6,215.5,168.7,149.7
4978,311.3,292.3,247.5,355.3,316.2,272.4,292.6,289.3,260.6,293.5,256.5,235.7,250.6,250.5,236.6,192.6,160.7,132.6,105.8,92.7
4979,183,177,144,206,190,161,163,173,148,169,148,132,141,144,134,112,93,83,63,57
5056,546.6,500.6,368,426,425,447.9,414.3,359.6,344,403.4,411.9,449,433.7,389.7,489.9,507.7,366.2,384.7,305.1,233.5
5057,474.5,465.5,345.5,384.7,384.1,382.3,367,323.9,317.2,364.8,368.2,390.7,367.5,356.5,442.3,429.9,323.9,338,264,215.6
5058,52.3,78.2,47.2,36.3,40.4,39.7,54,40.8,47.3,39.4,43.7,39.4,39.1,39.8,45.4,45,41.5,33.5,29.5,47.5
5059,165.6,172.4,140.9,177,157.8,137.6,162.3,143.4,143.9,154.3,140.7,133.5,135,138.1,143.3,114.5,99.9,80.8,67.2,68
5060,906.6,878.1,719.3,883.8,817.8,756.8,817.6,769.1,773.9,806.3,750.6,737.6,668.1,804,790.3,662.1,518.5,486.5,357.8,342
5061,1133.5,1058.8,894.8,1168.9,1045.6,961.9,1064.9,984.2,979,1034.6,942.6,920.2,877.6,985.8,952.4,789.6,624.6,544.6,417.6,385.3
5062,654.5,610.7,532.5,728.4,632,558.8,638.6,580.2,568.2,621.5,552.1,530.7,537.2,554.2,545.4,432.3,359.7,288.3,235.4,206
5063,645.9,604.8,528.2,723.2,626.4,551,631.6,573,560.7,615.5,545.9,523.9,532.4,545.8,539.8,425.3,356.3,284.2,233.2,203.2
5064,741.4,683.9,602.5,841,722.7,636.8,732.5,663.2,645.5,710.4,626.2,599.7,618.2,622.3,608.9,480,402,312.2,260,223.7
5065,415.3,380.5,338.2,478.5,408.1,357.9,414.5,373.7,362.5,401.1,351.5,335.7,350.9,346.4,338.4,264.9,223.6,169.2,143.4,121.5
5066,266.3,245.1,219,311.5,264.4,229.4,267.5,240.3,232.5,259.4,226.3,215.3,227.5,220.9,217.7,168.2,144,107.2,92.2,77.2
5067,261,240,215,307,260,225,263,236,228,255,222,211,224,216,213,164,141,104,90,75
5100,210.7,188.7,129.7,140,149.5,171.1,144.7,122.8,115.6,139.8,151.7,173.5,165.6,140.1,190.7,214.3,148,164.9,130.2,96.3
5101,270.1,242,186.4,233,220.9,225.1,219.8,191.9,183,211.9,207.6,220.3,219.9,197,232.6,232.7,171,168.6,136.8,104.5
5102,412.7,405.4,291.9,336.9,328,338.4,348.8,296.9,294.6,316.3,317.9,329.1,328.4,303.3,349.2,354,267.4,256.1,210,194.4
5103,160.7,221.2,132,107.6,118.2,127.4,166.7,128,145.8,117.3,130.4,119.8,119.4,121.8,125.6,135.6,116.8,92.2,81.2,134.8
5104,978.5,939.8,779.8,1009.3,902.4,829.1,937,851.3,850.1,891.8,815.4,789.4,769,837.3,813.8,679.5,548.1,462.1,364.8,355.9
5105,742.4,688.6,592.2,796.5,700.1,633.4,712.5,652.7,643.5,691.1,621.1,601.7,592.9,636.4,617,502,405.6,337.7,267.4,240.1
5106,267.3,246.5,219.5,310.6,264.4,230,267.5,240.7,233.2,259.5,226.9,216.2,227.2,222.3,219.1,169.8,144.9,108.9,93,78.4
5107,321.6,298.8,260.9,358.4,310.5,275.1,314.4,285.6,279.4,305.5,271.1,260.6,264.4,272,266.7,211.8,175.9,140.3,114.8,100.3
5139,165.4,138.7,92,97.3,95.4,106.1,100.8,92.2,103.8,105,98.6,113.6,123.1,142.9,119.9,130.2,101.5,90.8,114.7,97.1
5140,752.8,659.9,444.9,474.6,500.2,574.6,493.2,423.3,417.6,485.7,512.1,591.4,586.3,533,644.8,727.7,515.6,549,490.1,374.3
5141,229.4,208.7,149.5,166.2,171.3,187.6,168.3,147.5,142.5,163.1,170.5,188.4,176,165.5,205.6,219,153.7,167.1,129.5,101.1
5142,105.3,102.5,67.2,67.4,73.6,84.9,76.7,63,61.7,69.2,76.6,85.4,82.1,70.1,93.6,106.4,75.5,81,65,55.7
5143,358.3,356.5,289.3,376.5,332.9,305,359.6,315.9,315.9,328.4,300,285.1,293.6,295.2,287.3,242.9,203.4,156.3,132.6,141
5144,993.4,926.3,808.1,1119.6,964.1,852.1,985.8,887.4,866.8,948.1,838.8,801.9,829,830.6,813.3,645.6,542.3,418.3,350.7,311.1
5145,328.9,305.9,266.4,364.3,316.5,281,320.5,291.5,285.6,311.5,277,266.6,269.1,278.9,273.3,217.7,180.2,144.8,117.9,103.4
5146,385.1,360.4,309,412.3,363.4,327.5,368.3,337.6,333.3,358.4,322.6,312.6,306.7,330.7,323,261.8,212.5,178.3,140.8,126.7
5147,8.2,19.3,15.7,15,13.4,3.8,8.3,5.7,6.1,11.4,9.8,7.6,9.5,5.7,15.6,6.1,11.7,9.4,9.2,8.3
5148,10.4,24.5,21.2,21.4,18.5,4.4,10.1,7.2,7.3,15.7,12.9,10.1,12.6,7.4,21.4,7.2,15.2,12.4,12.1,9.3
5149,684.9,643.2,553.3,741.9,651.9,582.4,657.4,602,592.4,641.3,575.1,555.2,549.7,585.4,574.9,462.1,378.8,314.9,250.7,224
5150,680.2,627.6,558.8,791.7,674,585.4,680.6,613.1,593,660.7,577.4,549.6,578.4,565.1,556.8,431.4,368.5,276.8,236.5,199.1
5151,740.1,683.2,596.2,842.1,730.1,640.1,722.4,670.5,637.7,706.1,620.4,587.3,612,613.3,592.1,471.6,393.9,309.6,255.2,220.3
5152,579.7,533.7,468.7,661.9,570.6,500.6,570.2,523.6,501.9,555.2,487.6,463.2,482.8,481.8,467.2,370,309.9,240.5,200.1,171.8
5168,357.9,334,288.4,389.3,340.8,305.1,345.3,315.3,310.3,335.8,300.6,290.3,288.6,305.6,298.9,240.4,196.8,162,129.7,115.4
5169,337.4,314.1,272.9,371.8,323.7,288.1,327.8,298.5,292.8,318.7,283.9,273.5,274.9,286.6,280.7,224.2,185,149.7,121.3,106.8
5170,684,638,553.6,752.2,655.6,583.5,663.5,604.4,593.3,645.4,575.6,554.6,556.3,581.6,570.3,455.5,375.8,305.3,246.8,217.8
5171,756.3,714.6,614.4,819.3,720.3,641.3,725.4,663,654,708.9,636.2,614.5,607.1,647.4,640,512,421.7,351.4,279.9,250.2
5172,666.1,625.5,544.5,741.3,644,567.4,648.8,589.4,577.7,632.9,562.6,540.5,546.3,564.4,558.6,441.2,368.6,296.7,242.1,212
5173,775.8,711.9,623.8,865.4,747.5,666.5,761.4,691.5,675.4,736.5,652.6,627.5,639.2,655.1,635.2,507.7,418.6,330.5,271.3,236.2
5174,553.8,510.8,454.1,641,546.5,476.2,553,498,483,536.5,469.8,448,469.2,461.4,454.2,353,300.3,227,193,163.2
5175,395.2,366.1,327.6,465.8,394.8,339.8,397.8,356.8,344.8,386.8,336.8,319.8,339.4,327,324.9,248.7,215.2,159.3,137.9,114.9
5176,454.1,421.8,370.6,514.6,443.4,389.2,447.2,405.6,394.6,435,383.8,367.2,377.8,381.2,374.9,294.8,247.8,193.8,160.9,138.8
5177,798.5,746.6,631.4,849.2,758.4,684,750.3,707.8,683.4,735.8,662.1,635.3,625.5,679.1,651.7,537.8,431.5,370.5,287.2,261.3
5178,562,533.2,437.6,565.5,520.7,478.3,508.4,491.5,475.9,502.6,460.9,444.7,419,485.4,463,393,306.5,282.4,208.8,197.6
5179,315,305,244,318,300,270,275,281,260,279,255,240,229,266,251,216,169,162,117,112
5184,364.4,340.3,293.3,394.8,346.2,310.4,350.8,320.6,315.8,341.2,305.8,295.6,292.9,311.6,304.7,245.5,200.5,165.9,132.3,118.1
5185,607,566.5,483.4,641.2,567.9,516.2,577.2,530.6,525.2,560.9,506.9,492.6,478.7,523.6,508.4,416,334,283.9,221.8,201.4
5186,710.1,662.4,572.5,773.6,676.7,605.3,685.6,625.9,615.6,666.7,596.4,575.9,573.4,605.8,592.7,476.2,390.3,320.5,256.9,228.4
5187,1532.6,1437.5,1230.3,1635.1,1444,1301.8,1462.2,1341.1,1325.6,1424.1,1283.6,1244.3,1217.1,1318.1,1289,1045.4,847.8,715.1,562.9,508.1
5188,503.8,459.4,313.7,348.5,359.6,395,353.6,311.9,302,341.6,358.8,396.4,376.6,359.2,440.9,466.7,328,367.4,285.9,223.5
5189,366.6,333.3,246.9,307,289.7,287.8,291.1,264.3,261,281.8,271.9,279.9,276.6,289,308.3,286.9,213.2,222,172.1,143.2
5190,1033.3,943.9,635.8,832.4,762.4,741.6,790.1,694.8,686.5,736.1,701,702.2,795.1,765.5,810.7,734.7,570,603,496.6,421.5
5191,236,242.6,160.1,193.8,179.4,173.4,203.2,171.5,176.1,174.8,169,161.6,183.5,176.7,180.9,164.9,136.2,127.3,109.3,117.6
5192,153.9,169.2,107.5,120.1,114.5,104.7,123.1,102.9,107.5,109.6,107.8,102.8,117.4,113.8,128,111.1,96.1,96.6,81.8,85.2
5193,400.6,404.4,339,433.7,384.8,324.7,371.8,337.4,334.6,374,336.6,322.7,322.5,339.1,361.7,275.4,240.3,209.8,168.8,148.3
5194,339,330.4,286.7,382.4,333.2,284.9,328.8,297.6,292.4,325.5,289.2,276.4,279.7,286.9,295,226,195.4,158.9,130.3,113.7
5195,268.8,259.8,229,313.7,269.3,227.3,266.1,239,232.8,262.7,230.5,218.8,228,224.4,231.1,174,153.4,119,100.9,85.6
5196,115.6,109.3,97.8,138,116.9,98.8,116.5,104.2,100.7,114.2,99.2,93.8,100.1,95.4,96.9,72.7,64.4,47.7,41.5,34.4
5197,411.2,382.2,339.3,476.7,406.8,352.6,410,369.1,358.2,399,349.4,333,348.5,342.6,339.9,262.7,224.9,170.7,145.1,122.8
5198,385.4,359.5,318.2,444.5,380.4,330,382.9,345.1,335.4,373,327.4,312.3,325.2,321.9,319.9,247.6,211.6,162.2,137,116.5
5199,636.3,592.1,528.8,748.6,635.5,546.1,639.1,573.4,554.7,622.4,542.5,515.2,545.4,527.2,525.7,401.9,348.3,259.4,223.8,187.1
5200,1097.9,1018,872.6,1168.1,1030.1,936.3,1049.5,963.3,951.2,1017.6,916.9,890,871.3,944,912.9,746.6,599.7,503.8,396.2,357.8
5222,908.8,844.9,713.6,933.3,835.3,772.3,853.3,789.4,785.3,827.3,754.4,737.4,701.9,791,760.1,633.5,498.1,435.1,332.7,307.7
5223,522,488,408,524,474,442,484,450,450,470,432,424,396,458,440,370,288,258,194,182
5224,261,244,204,262,237,221,242,225,225,235,216,212,198,229,220,185,144,129,97,91
5225,261,244,204,262,237,221,242,225,225,235,216,212,198,229,220,185,144,129,97,91
5226,261,244,204,262,237,221,242,225,225,235,216,212,198,229,220,185,144,129,97,91
5227,783.5,732.6,612.4,786.5,711.6,663.5,726.3,675.5,675.3,705.4,648.4,636.3,594.3,687.4,660.3,555.3,432.2,387.3,291.2,273.2
5228,522,488,408,524,474,442,484,450,450,470,432,424,396,458,440,370,288,258,194,182
5247,336.8,318.2,240.2,268.2,268.4,277,269.5,250.8,253.7,263.3,263.5,276.1,238.7,282.7,300,289,207.3,220,159.8,143.8
5248,542.4,521.8,407.2,461.3,451.3,448.4,458.4,437.8,450.6,449.4,437.4,443.7,370,490.3,479.4,431.5,315.5,326,227.3,224.2
5249,869.1,820.4,609.7,677.1,683.2,710.1,674.6,613.8,611.6,661.6,670.6,714.1,637.9,690.9,784.8,776.1,558.9,596.6,446.7,379.3
5250,427.4,402.7,301,334.7,337,350.4,336,309.3,310.5,328.6,331.5,350.7,308,348.8,382.8,375.2,268.9,286.9,211.5,184.6
5251,399,376.5,280.3,310.4,313.5,326.6,311.4,285.6,286.2,304.9,308.7,327.6,288.7,322.8,358.9,353.4,253.4,271.2,200.8,173.7
5252,561,537.1,411.8,467.2,459.7,460.6,457.7,424.4,428.3,450.1,444.2,460.2,404.3,471.7,503.3,471.2,346.3,359.6,264,237.1
5253,129.9,134.7,104.9,115.3,112.7,104.1,107.8,100.5,102.9,109.8,106.6,107.5,93.1,113.2,124.3,106.4,84,86,63.1,58.5
5254,553.1,545.8,428.9,481.5,469.7,454.3,471.6,452.6,468.3,467.2,451.7,453.3,374.6,508.4,497.8,433.3,324.4,333.3,231,232.5
5255,1134.5,1155.8,880.5,985.4,964.6,920.4,946.4,867.6,874.3,932.7,913.6,925.2,835.8,941.7,1038.5,938.2,728.1,732.4,551.9,514.6
5256,1036.9,1005.7,820.3,1009.7,938.1,866.9,929.8,881.9,881.1,919.6,856.1,838.8,761.2,915.8,898.3,755.9,591,557.9,409,391.4
5258,35.5,44.4,36.1,38.8,36.4,26.4,31,28.1,29,34.5,31.8,30.1,27.6,31.3,40,27.2,26.8,25.6,19.9,18.2
5308,13.8,36.8,32.2,32.2,27.6,4.6,13.8,9.2,9.2,23,18.4,13.8,18.4,9.2,32.2,9.2,23,18.4,18.4,13.8
5309,18.4,28.9,25.5,29.6,25.2,12.3,18.5,15,14.7,22.7,19,16.2,19.1,14.2,25.4,11.8,17.6,13.7,13.1,10.2
5310,574.6,526,466.4,666.5,569.7,497.4,571.8,521.3,499.2,555.3,484.9,459.9,485.5,475.1,461.2,361.9,305.9,231,195.9,165.5
5344,1500.2,1416.1,1195.5,1551.5,1389.5,1268.2,1407,1299.4,1293.6,1372.7,1250.7,1219.6,1162.5,1304.7,1273.7,1047.6,836.2,731.3,561.6,517.6
5345,619.4,568.5,498.2,691.4,597,532.1,608.1,552.2,539.3,588.2,521.1,501,510.6,522.9,507.2,405.1,334.2,263.7,216.6,188.5
5346,462.5,426.3,373.9,518.5,447.4,396.9,454.6,412.4,402.6,440.4,389.8,374.4,382.4,390.1,380.3,302.2,250.7,197.4,162.7,141.2
5347,506.8,465,403.6,552.4,481.4,434.7,491.8,449,440.6,475.3,424.4,410.1,410.2,431.6,415.9,337.4,273.5,222.1,178.5,158.2
5348,261,244.1,204,262,237,221,242,225,225,235,216,212,198,229,220,185,144,129,97,91
5349,794.5,745,620.5,797.9,724.4,673.5,733,686.9,682.5,714.4,656.3,642,600.6,694.9,666.6,561.6,437.3,394,295.3,277.5
5350,531.5,498.7,415,533.8,485.1,450.6,489.8,459.8,456.1,477.7,438.8,428.9,401.4,464.5,445.4,375.4,292.4,263.8,197.5,185.7
5351,551.9,521.8,430.2,555,508.9,469.2,502.3,481,469.4,494.4,453.6,439.5,413.2,478.5,457.2,387.2,301.9,276.3,205.1,193.6
5462,743.2,683.2,555.3,708.3,650.5,626.1,658,598,587.9,637.1,598.6,604.8,581.2,608.6,631.3,569.6,433,403.3,314,268.7
5463,522.4,494.4,372.8,415.7,416.3,429,416.9,387.2,391.2,407.8,408.5,428.4,371.5,436.5,466.6,449.8,323.3,343.2,250.1,223.8
5464,370.6,347.8,257.9,285.6,289.3,303.4,287.4,262.5,262.2,280.9,285.4,304.3,269.6,296.6,332.8,331,236.3,253.5,188.6,161.4
5465,322.8,307.8,228.3,250.7,254,262.6,249.4,227.2,227,245.7,249.5,265.5,235.9,257.5,294.3,289.3,209.3,224.4,167.6,142.9
5466,350.7,349.6,275.4,313.5,304.2,288,299.5,288.5,294.6,299.3,287.1,285.7,241.4,318,315.5,271.6,207.1,210.7,147.9,146.7
5467,936.7,924.6,724.5,818.3,800,771.4,795.6,770.5,790.1,790.7,763.2,762.7,633.3,856.9,836,729.9,546.2,562.8,389.3,392
5490,712.1,707.5,551.8,652,636.4,594.4,602,604.7,591.3,608,576.9,561.1,487.7,631.2,609.8,532,404.8,413.9,288,288.1
5623,57.7,52.8,46,60.4,53,48.2,52,53.3,51.6,53,47.5,49.7,51.4,53.1,48,39.5,31.2,26.2,23.2,19.1
5624,109.8,100.2,87.1,114.3,99.9,89.5,99.8,101.3,96.9,101.8,90.3,92.8,97.5,100.8,92.4,76.3,61.9,51,45.1,38.1
5625,76,67.8,54.3,48.8,43.4,27.1,57,70.5,54.3,73.3,57,51.6,73.3,86.8,84.1,78.7,78.7,65.1,57,59.7
5626,93.7,83.8,68.7,70.4,61.6,43.4,75.3,86.6,70.1,90.4,72.1,66.1,88.1,100.9,97.7,89.1,87.1,71.1,62.1,63.7
5687,0,0,0,0,0,0,0,0,0,0,0,0,0,0,0,0,0,0,0,0
5688,51.2,46.1,41.1,58.7,49.7,43.6,51.2,46.5,44.6,49.6,43.1,41.1,43.9,43,41.4,32.9,27.9,20.7,17.8,15.2
5689,110.2,100.3,87,113.2,98.5,86.8,100.2,101.5,95.9,103.2,90.5,91.2,98.2,102,94.5,78.6,65.6,53.5,47.1,41
5690,234.7,209.5,167.7,151.3,134.4,84.2,176.2,217.9,167.8,226.3,176.1,159.4,226.2,268,259.6,242.7,242.7,200.8,175.7,184
5691,18.1,16.2,13.9,17,14.6,11.8,16.3,16.6,14.6,17.5,14.6,13.6,16.3,17.5,16.9,14.6,13.5,10.7,9.3,9
5692,230.1,206.9,185.5,267.6,226.5,199.8,231.9,208.7,201.6,223,194.4,185.5,196.2,190.9,183.7,144.5,121.3,89.2,76.7,64.2
5693,344.2,309.7,277.4,398.8,338.1,298.4,345.6,312.4,301.7,332.9,290.6,278.2,294,286.6,275.2,216.8,181.6,134.2,115.6,96.7
5696,553.9,499.9,445.6,632.4,538.7,477.6,547.6,504.2,487.1,531.7,466,452.2,476.2,468.6,445.8,353.6,293.4,221.4,191.6,159.8
5697,534.1,481.1,430.1,615.5,522.6,462.1,533.2,485.3,468.8,515.1,450.3,433.3,457.3,447.4,428.1,338.1,282.2,210.2,181.4,151.6
5698,474.7,427.3,382.5,549.3,465.8,411.4,475.9,430.9,416.3,458.8,400.6,384,405.7,395.9,379.8,299.4,250.5,185.5,159.9,133.7
